[0.000000] (-) TimerEvent: {}
[0.001870] (ackermann_odom) JobQueued: {'identifier': 'ackermann_odom', 'dependencies': OrderedDict()}
[0.002049] (encoder_vel) JobQueued: {'identifier': 'encoder_vel', 'dependencies': OrderedDict()}
[0.002140] (imu_bno08x) JobQueued: {'identifier': 'imu_bno08x', 'dependencies': OrderedDict()}
[0.002306] (io_control_py) JobQueued: {'identifier': 'io_control_py', 'dependencies': OrderedDict()}
[0.003728] (motor_control_py) JobQueued: {'identifier': 'motor_control_py', 'dependencies': OrderedDict()}
[0.003890] (steer_closed_loop) JobQueued: {'identifier': 'steer_closed_loop', 'dependencies': OrderedDict()}
[0.004003] (ackermann_odom) JobStarted: {'identifier': 'ackermann_odom'}
[0.108686] (-) TimerEvent: {}
[0.124381] (encoder_vel) JobStarted: {'identifier': 'encoder_vel'}
[0.165633] (imu_bno08x) JobStarted: {'identifier': 'imu_bno08x'}
[0.210212] (-) TimerEvent: {}
[0.220652] (io_control_py) JobStarted: {'identifier': 'io_control_py'}
[0.272363] (ackermann_odom) JobProgress: {'identifier': 'ackermann_odom', 'progress': 'cmake'}
[0.279448] (ackermann_odom) JobProgress: {'identifier': 'ackermann_odom', 'progress': 'build'}
[0.283841] (ackermann_odom) Command: {'cmd': ['/usr/bin/cmake', '--build', '/root/GZ_DiNiu/build/ackermann_odom', '--', '-j4', '-l4'], 'cwd': '/root/GZ_DiNiu/build/ackermann_odom', 'env': OrderedDict([('PYTHON_BASIC_REPL', '1'), ('LESSOPEN', '| /usr/bin/lesspipe %s'), ('LANGUAGE', 'zh_CN:zh'), ('USER', 'root'), ('SSH_CLIENT', '192.168.1.25 42870 22'), ('XDG_SESSION_TYPE', 'tty'), ('GIT_ASKPASS', '/root/.vscode-server/cli/servers/Stable-072586267e68ece9a47aa43f8c108e0dcbf44622/server/extensions/git/dist/askpass.sh'), ('SHLVL', '2'), ('LD_LIBRARY_PATH', '/opt/ros/humble/opt/rviz_ogre_vendor/lib:/opt/ros/humble/lib/aarch64-linux-gnu:/opt/ros/humble/lib'), ('BROWSER', '/root/.vscode-server/cli/servers/Stable-072586267e68ece9a47aa43f8c108e0dcbf44622/server/bin/helpers/browser.sh'), ('MOTD_SHOWN', 'pam'), ('HOME', '/root'), ('TERM_PROGRAM_VERSION', '1.109.5'), ('VSCODE_IPC_HOOK_CLI', '/run/user/0/vscode-ipc-7df1a358-fa73-439d-ad89-adf667160caf.sock'), ('ROS_PYTHON_VERSION', '3'), ('VSCODE_GIT_ASKPASS_MAIN', '/root/.vscode-server/cli/servers/Stable-072586267e68ece9a47aa43f8c108e0dcbf44622/server/extensions/git/dist/askpass-main.js'), ('VSCODE_GIT_ASKPASS_NODE', '/root/.vscode-server/cli/servers/Stable-072586267e68ece9a47aa43f8c108e0dcbf44622/server/node'), ('SSL_CERT_FILE', '/usr/lib/ssl/certs/ca-certificates.crt'), ('PYDEVD_DISABLE_FILE_VALIDATION', '1'), ('BUNDLED_DEBUGPY_PATH', '/root/.vscode-server/extensions/ms-python.debugpy-2025.18.0/bundled/libs/debugpy'), ('VSCODE_PYTHON_AUTOACTIVATE_GUARD', '1'), ('DBUS_SESSION_BUS_ADDRESS', 'unix:path=/run/user/0/bus'), ('COLORTERM', 'truecolor'), ('DEBUGINFOD_URLS', ''), ('COLCON_PREFIX_PATH', '/root/GZ_DiNiu/install'), ('ROS_DISTRO', 'humble'), ('LOGNAME', 'root'), ('_', '/usr/bin/colcon'), ('ROS_VERSION', '2'), ('XDG_SESSION_CLASS', 'user'), ('TERM', 'xterm-256color'), ('XDG_SESSION_ID', '2'), ('ROS_LOCALHOST_ONLY', '0'), ('PATH', '/root/.vscode-server/cli/servers/Stable-072586267e68ece9a47aa43f8c108e0dcbf44622/server/bin/remote-cli:/opt/ros/humble/bin:/usr/local/sbin:/usr/local/bin:/usr/sbin:/usr/bin:/sbin:/bin:/usr/games:/usr/local/games:/snap/bin:/root/.vscode-server/extensions/ms-python.debugpy-2025.18.0/bundled/scripts/noConfigScripts'), ('XDG_RUNTIME_DIR', '/run/user/0'), ('SSL_CERT_DIR', '/usr/lib/ssl/certs'), ('VSCODE_DEBUGPY_ADAPTER_ENDPOINTS', '/root/.vscode-server/extensions/ms-python.debugpy-2025.18.0/.noConfigDebugAdapterEndpoints/endpoint-e8455e4bc5ae7857.txt'), ('LANG', 'zh_CN.UTF-8'), ('PYTHONSTARTUP', '/root/.vscode-server/data/User/workspaceStorage/7df28b463ac56098d5ed4f2c8d434cf2/ms-python.python/pythonrc.py'), ('LS_COLORS', 'rs=0:di=01;34:ln=01;36:mh=00:pi=40;33:so=01;35:do=01;35:bd=40;33;01:cd=40;33;01:or=40;31;01:mi=00:su=37;41:sg=30;43:ca=30;41:tw=30;42:ow=34;42:st=37;44:ex=01;32:*.tar=01;31:*.tgz=01;31:*.arc=01;31:*.arj=01;31:*.taz=01;31:*.lha=01;31:*.lz4=01;31:*.lzh=01;31:*.lzma=01;31:*.tlz=01;31:*.txz=01;31:*.tzo=01;31:*.t7z=01;31:*.zip=01;31:*.z=01;31:*.dz=01;31:*.gz=01;31:*.lrz=01;31:*.lz=01;31:*.lzo=01;31:*.xz=01;31:*.zst=01;31:*.tzst=01;31:*.bz2=01;31:*.bz=01;31:*.tbz=01;31:*.tbz2=01;31:*.tz=01;31:*.deb=01;31:*.rpm=01;31:*.jar=01;31:*.war=01;31:*.ear=01;31:*.sar=01;31:*.rar=01;31:*.alz=01;31:*.ace=01;31:*.zoo=01;31:*.cpio=01;31:*.7z=01;31:*.rz=01;31:*.cab=01;31:*.wim=01;31:*.swm=01;31:*.dwm=01;31:*.esd=01;31:*.jpg=01;35:*.jpeg=01;35:*.mjpg=01;35:*.mjpeg=01;35:*.gif=01;35:*.bmp=01;35:*.pbm=01;35:*.pgm=01;35:*.ppm=01;35:*.tga=01;35:*.xbm=01;35:*.xpm=01;35:*.tif=01;35:*.tiff=01;35:*.png=01;35:*.svg=01;35:*.svgz=01;35:*.mng=01;35:*.pcx=01;35:*.mov=01;35:*.mpg=01;35:*.mpeg=01;35:*.m2v=01;35:*.mkv=01;35:*.webm=01;35:*.webp=01;35:*.ogm=01;35:*.mp4=01;35:*.m4v=01;35:*.mp4v=01;35:*.vob=01;35:*.qt=01;35:*.nuv=01;35:*.wmv=01;35:*.asf=01;35:*.rm=01;35:*.rmvb=01;35:*.flc=01;35:*.avi=01;35:*.fli=01;35:*.flv=01;35:*.gl=01;35:*.dl=01;35:*.xcf=01;35:*.xwd=01;35:*.yuv=01;35:*.cgm=01;35:*.emf=01;35:*.ogv=01;35:*.ogx=01;35:*.aac=00;36:*.au=00;36:*.flac=00;36:*.m4a=00;36:*.mid=00;36:*.midi=00;36:*.mka=00;36:*.mp3=00;36:*.mpc=00;36:*.ogg=00;36:*.ra=00;36:*.wav=00;36:*.oga=00;36:*.opus=00;36:*.spx=00;36:*.xspf=00;36:'), ('VSCODE_GIT_IPC_HANDLE', '/run/user/0/vscode-git-0da86a6bbb.sock'), ('TERM_PROGRAM', 'vscode'), ('AMENT_PREFIX_PATH', '/root/GZ_DiNiu/install/steer_closed_loop:/root/GZ_DiNiu/install/motor_control_py:/root/GZ_DiNiu/install/io_control_py:/root/GZ_DiNiu/install/imu_bno08x:/root/GZ_DiNiu/install/encoder_vel:/root/GZ_DiNiu/install/ackermann_odom:/opt/ros/humble'), ('SHELL', '/bin/bash'), ('LESSCLOSE', '/usr/bin/lesspipe %s %s'), ('VSCODE_GIT_ASKPASS_EXTRA_ARGS', ''), ('PWD', '/root/GZ_DiNiu/build/ackermann_odom'), ('SSH_CONNECTION', '192.168.1.25 42870 192.168.1.20 22'), ('XDG_DATA_DIRS', '/usr/share/gnome:/usr/local/share:/usr/share:/var/lib/snapd/desktop'), ('PYTHONPATH', '/root/GZ_DiNiu/install/motor_control_py/lib/python3.10/site-packages:/root/GZ_DiNiu/install/io_control_py/lib/python3.10/site-packages:/root/GZ_DiNiu/install/imu_bno08x/lib/python3.10/site-packages:/opt/ros/humble/lib/python3.10/site-packages:/opt/ros/humble/local/lib/python3.10/dist-packages'), ('COLCON', '1'), ('CMAKE_PREFIX_PATH', '/root/GZ_DiNiu/install/steer_closed_loop:/root/GZ_DiNiu/install/encoder_vel:/root/GZ_DiNiu/install/ackermann_odom:/root/GZ_DiNiu/install/motor_control_py:/root/GZ_DiNiu/install/io_control_py:/root/GZ_DiNiu/install/imu_bno08x:/opt/ros/humble')]), 'shell': False}
[0.311667] (-) TimerEvent: {}
[0.412407] (-) TimerEvent: {}
[0.514017] (-) TimerEvent: {}
[0.614828] (-) TimerEvent: {}
[0.715613] (-) TimerEvent: {}
[0.817050] (-) TimerEvent: {}
[0.917808] (-) TimerEvent: {}
[1.018557] (-) TimerEvent: {}
[1.119359] (-) TimerEvent: {}
[1.221101] (-) TimerEvent: {}
[1.322749] (-) TimerEvent: {}
[1.425036] (-) TimerEvent: {}
[1.533011] (-) TimerEvent: {}
[1.634747] (-) TimerEvent: {}
[1.735501] (-) TimerEvent: {}
[1.837231] (-) TimerEvent: {}
[1.938318] (-) TimerEvent: {}
[2.039924] (-) TimerEvent: {}
[2.145262] (-) TimerEvent: {}
[2.246101] (-) TimerEvent: {}
[2.346970] (-) TimerEvent: {}
[2.453604] (-) TimerEvent: {}
[2.555521] (-) TimerEvent: {}
[2.672666] (-) TimerEvent: {}
[2.782920] (-) TimerEvent: {}
[2.897084] (-) TimerEvent: {}
[3.003283] (-) TimerEvent: {}
[3.113243] (-) TimerEvent: {}
[3.444922] (-) TimerEvent: {}
[3.545702] (-) TimerEvent: {}
[3.719204] (-) TimerEvent: {}
[3.721052] (ackermann_odom) StdoutLine: {'line': b'-- Found ament_cmake: 1.3.12 (/opt/ros/humble/share/ament_cmake/cmake)\n'}
[3.723117] (ackermann_odom) StdoutLine: {'line': b'-- Found rclcpp: 16.0.17 (/opt/ros/humble/share/rclcpp/cmake)\n'}
[3.729692] (ackermann_odom) StdoutLine: {'line': b'-- Found rosidl_generator_c: 3.1.8 (/opt/ros/humble/share/rosidl_generator_c/cmake)\n'}
[3.731548] (ackermann_odom) StdoutLine: {'line': b'-- Found rosidl_adapter: 3.1.8 (/opt/ros/humble/share/rosidl_adapter/cmake)\n'}
[3.781551] (ackermann_odom) StdoutLine: {'line': b'-- Found rosidl_generator_cpp: 3.1.8 (/opt/ros/humble/share/rosidl_generator_cpp/cmake)\n'}
[3.820532] (-) TimerEvent: {}
[3.880003] (ackermann_odom) StdoutLine: {'line': b'-- Using all available rosidl_typesupport_c: rosidl_typesupport_fastrtps_c;rosidl_typesupport_introspection_c\n'}
[3.920234] (-) TimerEvent: {}
[4.016420] (ackermann_odom) StdoutLine: {'line': b'-- Using all available rosidl_typesupport_cpp: rosidl_typesupport_fastrtps_cpp;rosidl_typesupport_introspection_cpp\n'}
[4.020395] (-) TimerEvent: {}
[4.121570] (-) TimerEvent: {}
[4.222856] (-) TimerEvent: {}
[4.332263] (-) TimerEvent: {}
[4.433143] (-) TimerEvent: {}
[4.537392] (-) TimerEvent: {}
[4.581149] (ackermann_odom) StdoutLine: {'line': b'-- Found rmw_implementation_cmake: 6.1.2 (/opt/ros/humble/share/rmw_implementation_cmake/cmake)\n'}
[4.612310] (ackermann_odom) StdoutLine: {'line': b'-- Found rmw_fastrtps_cpp: 6.2.9 (/opt/ros/humble/share/rmw_fastrtps_cpp/cmake)\n'}
[4.637557] (-) TimerEvent: {}
[4.738704] (-) TimerEvent: {}
[4.839488] (-) TimerEvent: {}
[4.940245] (-) TimerEvent: {}
[5.040958] (-) TimerEvent: {}
[5.141753] (-) TimerEvent: {}
[5.242513] (-) TimerEvent: {}
[5.343243] (-) TimerEvent: {}
[5.444029] (-) TimerEvent: {}
[5.544754] (-) TimerEvent: {}
[5.645502] (-) TimerEvent: {}
[5.746402] (-) TimerEvent: {}
[5.847162] (-) TimerEvent: {}
[5.947984] (-) TimerEvent: {}
[6.048754] (-) TimerEvent: {}
[6.150102] (-) TimerEvent: {}
[6.250847] (-) TimerEvent: {}
[6.351770] (-) TimerEvent: {}
[6.453894] (-) TimerEvent: {}
[6.538975] (encoder_vel) JobProgress: {'identifier': 'encoder_vel', 'progress': 'cmake'}
[6.548776] (encoder_vel) JobProgress: {'identifier': 'encoder_vel', 'progress': 'build'}
[6.558850] (encoder_vel) Command: {'cmd': ['/usr/bin/cmake', '--build', '/root/GZ_DiNiu/build/encoder_vel', '--', '-j4', '-l4'], 'cwd': '/root/GZ_DiNiu/build/encoder_vel', 'env': OrderedDict([('PYTHON_BASIC_REPL', '1'), ('LESSOPEN', '| /usr/bin/lesspipe %s'), ('LANGUAGE', 'zh_CN:zh'), ('USER', 'root'), ('SSH_CLIENT', '192.168.1.25 42870 22'), ('XDG_SESSION_TYPE', 'tty'), ('GIT_ASKPASS', '/root/.vscode-server/cli/servers/Stable-072586267e68ece9a47aa43f8c108e0dcbf44622/server/extensions/git/dist/askpass.sh'), ('SHLVL', '2'), ('LD_LIBRARY_PATH', '/opt/ros/humble/opt/rviz_ogre_vendor/lib:/opt/ros/humble/lib/aarch64-linux-gnu:/opt/ros/humble/lib'), ('BROWSER', '/root/.vscode-server/cli/servers/Stable-072586267e68ece9a47aa43f8c108e0dcbf44622/server/bin/helpers/browser.sh'), ('MOTD_SHOWN', 'pam'), ('HOME', '/root'), ('TERM_PROGRAM_VERSION', '1.109.5'), ('VSCODE_IPC_HOOK_CLI', '/run/user/0/vscode-ipc-7df1a358-fa73-439d-ad89-adf667160caf.sock'), ('ROS_PYTHON_VERSION', '3'), ('VSCODE_GIT_ASKPASS_MAIN', '/root/.vscode-server/cli/servers/Stable-072586267e68ece9a47aa43f8c108e0dcbf44622/server/extensions/git/dist/askpass-main.js'), ('VSCODE_GIT_ASKPASS_NODE', '/root/.vscode-server/cli/servers/Stable-072586267e68ece9a47aa43f8c108e0dcbf44622/server/node'), ('SSL_CERT_FILE', '/usr/lib/ssl/certs/ca-certificates.crt'), ('PYDEVD_DISABLE_FILE_VALIDATION', '1'), ('BUNDLED_DEBUGPY_PATH', '/root/.vscode-server/extensions/ms-python.debugpy-2025.18.0/bundled/libs/debugpy'), ('VSCODE_PYTHON_AUTOACTIVATE_GUARD', '1'), ('DBUS_SESSION_BUS_ADDRESS', 'unix:path=/run/user/0/bus'), ('COLORTERM', 'truecolor'), ('DEBUGINFOD_URLS', ''), ('COLCON_PREFIX_PATH', '/root/GZ_DiNiu/install'), ('ROS_DISTRO', 'humble'), ('LOGNAME', 'root'), ('_', '/usr/bin/colcon'), ('ROS_VERSION', '2'), ('XDG_SESSION_CLASS', 'user'), ('TERM', 'xterm-256color'), ('XDG_SESSION_ID', '2'), ('ROS_LOCALHOST_ONLY', '0'), ('PATH', '/root/.vscode-server/cli/servers/Stable-072586267e68ece9a47aa43f8c108e0dcbf44622/server/bin/remote-cli:/opt/ros/humble/bin:/usr/local/sbin:/usr/local/bin:/usr/sbin:/usr/bin:/sbin:/bin:/usr/games:/usr/local/games:/snap/bin:/root/.vscode-server/extensions/ms-python.debugpy-2025.18.0/bundled/scripts/noConfigScripts'), ('XDG_RUNTIME_DIR', '/run/user/0'), ('SSL_CERT_DIR', '/usr/lib/ssl/certs'), ('VSCODE_DEBUGPY_ADAPTER_ENDPOINTS', '/root/.vscode-server/extensions/ms-python.debugpy-2025.18.0/.noConfigDebugAdapterEndpoints/endpoint-e8455e4bc5ae7857.txt'), ('LANG', 'zh_CN.UTF-8'), ('PYTHONSTARTUP', '/root/.vscode-server/data/User/workspaceStorage/7df28b463ac56098d5ed4f2c8d434cf2/ms-python.python/pythonrc.py'), ('LS_COLORS', 'rs=0:di=01;34:ln=01;36:mh=00:pi=40;33:so=01;35:do=01;35:bd=40;33;01:cd=40;33;01:or=40;31;01:mi=00:su=37;41:sg=30;43:ca=30;41:tw=30;42:ow=34;42:st=37;44:ex=01;32:*.tar=01;31:*.tgz=01;31:*.arc=01;31:*.arj=01;31:*.taz=01;31:*.lha=01;31:*.lz4=01;31:*.lzh=01;31:*.lzma=01;31:*.tlz=01;31:*.txz=01;31:*.tzo=01;31:*.t7z=01;31:*.zip=01;31:*.z=01;31:*.dz=01;31:*.gz=01;31:*.lrz=01;31:*.lz=01;31:*.lzo=01;31:*.xz=01;31:*.zst=01;31:*.tzst=01;31:*.bz2=01;31:*.bz=01;31:*.tbz=01;31:*.tbz2=01;31:*.tz=01;31:*.deb=01;31:*.rpm=01;31:*.jar=01;31:*.war=01;31:*.ear=01;31:*.sar=01;31:*.rar=01;31:*.alz=01;31:*.ace=01;31:*.zoo=01;31:*.cpio=01;31:*.7z=01;31:*.rz=01;31:*.cab=01;31:*.wim=01;31:*.swm=01;31:*.dwm=01;31:*.esd=01;31:*.jpg=01;35:*.jpeg=01;35:*.mjpg=01;35:*.mjpeg=01;35:*.gif=01;35:*.bmp=01;35:*.pbm=01;35:*.pgm=01;35:*.ppm=01;35:*.tga=01;35:*.xbm=01;35:*.xpm=01;35:*.tif=01;35:*.tiff=01;35:*.png=01;35:*.svg=01;35:*.svgz=01;35:*.mng=01;35:*.pcx=01;35:*.mov=01;35:*.mpg=01;35:*.mpeg=01;35:*.m2v=01;35:*.mkv=01;35:*.webm=01;35:*.webp=01;35:*.ogm=01;35:*.mp4=01;35:*.m4v=01;35:*.mp4v=01;35:*.vob=01;35:*.qt=01;35:*.nuv=01;35:*.wmv=01;35:*.asf=01;35:*.rm=01;35:*.rmvb=01;35:*.flc=01;35:*.avi=01;35:*.fli=01;35:*.flv=01;35:*.gl=01;35:*.dl=01;35:*.xcf=01;35:*.xwd=01;35:*.yuv=01;35:*.cgm=01;35:*.emf=01;35:*.ogv=01;35:*.ogx=01;35:*.aac=00;36:*.au=00;36:*.flac=00;36:*.m4a=00;36:*.mid=00;36:*.midi=00;36:*.mka=00;36:*.mp3=00;36:*.mpc=00;36:*.ogg=00;36:*.ra=00;36:*.wav=00;36:*.oga=00;36:*.opus=00;36:*.spx=00;36:*.xspf=00;36:'), ('VSCODE_GIT_IPC_HANDLE', '/run/user/0/vscode-git-0da86a6bbb.sock'), ('TERM_PROGRAM', 'vscode'), ('AMENT_PREFIX_PATH', '/root/GZ_DiNiu/install/steer_closed_loop:/root/GZ_DiNiu/install/motor_control_py:/root/GZ_DiNiu/install/io_control_py:/root/GZ_DiNiu/install/imu_bno08x:/root/GZ_DiNiu/install/encoder_vel:/root/GZ_DiNiu/install/ackermann_odom:/opt/ros/humble'), ('SHELL', '/bin/bash'), ('LESSCLOSE', '/usr/bin/lesspipe %s %s'), ('VSCODE_GIT_ASKPASS_EXTRA_ARGS', ''), ('PWD', '/root/GZ_DiNiu/build/encoder_vel'), ('SSH_CONNECTION', '192.168.1.25 42870 192.168.1.20 22'), ('XDG_DATA_DIRS', '/usr/share/gnome:/usr/local/share:/usr/share:/var/lib/snapd/desktop'), ('PYTHONPATH', '/root/GZ_DiNiu/install/motor_control_py/lib/python3.10/site-packages:/root/GZ_DiNiu/install/io_control_py/lib/python3.10/site-packages:/root/GZ_DiNiu/install/imu_bno08x/lib/python3.10/site-packages:/opt/ros/humble/lib/python3.10/site-packages:/opt/ros/humble/local/lib/python3.10/dist-packages'), ('COLCON', '1'), ('CMAKE_PREFIX_PATH', '/root/GZ_DiNiu/install/steer_closed_loop:/root/GZ_DiNiu/install/encoder_vel:/root/GZ_DiNiu/install/ackermann_odom:/root/GZ_DiNiu/install/motor_control_py:/root/GZ_DiNiu/install/io_control_py:/root/GZ_DiNiu/install/imu_bno08x:/opt/ros/humble')]), 'shell': False}
[6.561836] (-) TimerEvent: {}
[6.662611] (-) TimerEvent: {}
[6.763433] (-) TimerEvent: {}
[6.947401] (-) TimerEvent: {}
[6.987945] (encoder_vel) StdoutLine: {'line': b'-- Found ament_cmake: 1.3.12 (/opt/ros/humble/share/ament_cmake/cmake)\n'}
[7.049730] (-) TimerEvent: {}
[7.150667] (-) TimerEvent: {}
[7.251849] (-) TimerEvent: {}
[7.352792] (-) TimerEvent: {}
[7.454504] (-) TimerEvent: {}
[7.521712] (ackermann_odom) StdoutLine: {'line': b"-- Using RMW implementation 'rmw_fastrtps_cpp' as default\n"}
[7.554659] (-) TimerEvent: {}
[7.656316] (-) TimerEvent: {}
[7.757494] (-) TimerEvent: {}
[7.865062] (-) TimerEvent: {}
[7.977181] (-) TimerEvent: {}
[8.078964] (-) TimerEvent: {}
[8.179746] (-) TimerEvent: {}
[8.283328] (-) TimerEvent: {}
[8.392996] (-) TimerEvent: {}
[8.496541] (-) TimerEvent: {}
[8.521538] (ackermann_odom) StdoutLine: {'line': b'-- Found nav_msgs: 4.9.0 (/opt/ros/humble/share/nav_msgs/cmake)\n'}
[8.597262] (-) TimerEvent: {}
[8.701832] (-) TimerEvent: {}
[8.810053] (-) TimerEvent: {}
[8.916248] (-) TimerEvent: {}
[9.027026] (-) TimerEvent: {}
[9.128169] (-) TimerEvent: {}
[9.232879] (-) TimerEvent: {}
[9.336337] (-) TimerEvent: {}
[9.437750] (-) TimerEvent: {}
[9.539852] (-) TimerEvent: {}
[9.640795] (-) TimerEvent: {}
[9.741942] (-) TimerEvent: {}
[9.843976] (-) TimerEvent: {}
[9.865958] (ackermann_odom) StdoutLine: {'line': b'-- Configuring done\n'}
[9.944617] (-) TimerEvent: {}
[10.047220] (-) TimerEvent: {}
[10.148647] (-) TimerEvent: {}
[10.199995] (ackermann_odom) StdoutLine: {'line': b'-- Generating done\n'}
[10.248957] (-) TimerEvent: {}
[10.307277] (ackermann_odom) StdoutLine: {'line': b'-- Build files have been written to: /root/GZ_DiNiu/build/ackermann_odom\n'}
[10.349172] (-) TimerEvent: {}
[10.450352] (-) TimerEvent: {}
[10.551368] (-) TimerEvent: {}
[10.652522] (-) TimerEvent: {}
[10.754303] (-) TimerEvent: {}
[10.855684] (-) TimerEvent: {}
[10.956468] (-) TimerEvent: {}
[11.058419] (-) TimerEvent: {}
[11.159181] (-) TimerEvent: {}
[11.260455] (-) TimerEvent: {}
[11.277942] (ackermann_odom) StdoutLine: {'line': b'\x1b[35m\x1b[1mConsolidate compiler generated dependencies of target ackermann_odom_node\x1b[0m\n'}
[11.360643] (-) TimerEvent: {}
[11.462563] (-) TimerEvent: {}
[11.572879] (-) TimerEvent: {}
[11.674476] (-) TimerEvent: {}
[11.735676] (encoder_vel) StdoutLine: {'line': b'-- Found rclcpp: 16.0.17 (/opt/ros/humble/share/rclcpp/cmake)\n'}
[11.774674] (-) TimerEvent: {}
[11.877428] (-) TimerEvent: {}
[11.980527] (-) TimerEvent: {}
[12.082958] (-) TimerEvent: {}
[12.186080] (-) TimerEvent: {}
[12.239435] (ackermann_odom) StdoutLine: {'line': b'[ 50%] \x1b[32mBuilding CXX object CMakeFiles/ackermann_odom_node.dir/src/ackermann_odom_node.cpp.o\x1b[0m\n'}
[12.286382] (-) TimerEvent: {}
[12.389403] (-) TimerEvent: {}
[12.462659] (encoder_vel) StdoutLine: {'line': b'-- Found rosidl_generator_c: 3.1.8 (/opt/ros/humble/share/rosidl_generator_c/cmake)\n'}
[12.580112] (-) TimerEvent: {}
[12.597733] (encoder_vel) StdoutLine: {'line': b'-- Found rosidl_adapter: 3.1.8 (/opt/ros/humble/share/rosidl_adapter/cmake)\n'}
[12.598743] (encoder_vel) StdoutLine: {'line': b'-- Found rosidl_generator_cpp: 3.1.8 (/opt/ros/humble/share/rosidl_generator_cpp/cmake)\n'}
[12.599168] (encoder_vel) StdoutLine: {'line': b'-- Using all available rosidl_typesupport_c: rosidl_typesupport_fastrtps_c;rosidl_typesupport_introspection_c\n'}
[12.674402] (encoder_vel) StdoutLine: {'line': b'-- Using all available rosidl_typesupport_cpp: rosidl_typesupport_fastrtps_cpp;rosidl_typesupport_introspection_cpp\n'}
[12.675449] (-) TimerEvent: {}
[12.776145] (-) TimerEvent: {}
[12.876974] (-) TimerEvent: {}
[12.939058] (encoder_vel) StdoutLine: {'line': b'-- Found rmw_implementation_cmake: 6.1.2 (/opt/ros/humble/share/rmw_implementation_cmake/cmake)\n'}
[12.950310] (encoder_vel) StdoutLine: {'line': b'-- Found rmw_fastrtps_cpp: 6.2.9 (/opt/ros/humble/share/rmw_fastrtps_cpp/cmake)\n'}
[12.977144] (-) TimerEvent: {}
[13.079307] (-) TimerEvent: {}
[13.185984] (-) TimerEvent: {}
[13.289973] (-) TimerEvent: {}
[13.391217] (-) TimerEvent: {}
[13.493421] (-) TimerEvent: {}
[13.595751] (-) TimerEvent: {}
[13.697694] (-) TimerEvent: {}
[13.801731] (-) TimerEvent: {}
[13.905223] (-) TimerEvent: {}
[14.007578] (-) TimerEvent: {}
[14.110241] (-) TimerEvent: {}
[14.212801] (-) TimerEvent: {}
[14.314335] (-) TimerEvent: {}
[14.416434] (-) TimerEvent: {}
[14.517790] (-) TimerEvent: {}
[14.619004] (-) TimerEvent: {}
[14.720199] (-) TimerEvent: {}
[14.821718] (-) TimerEvent: {}
[14.922899] (-) TimerEvent: {}
[15.026702] (-) TimerEvent: {}
[15.128022] (-) TimerEvent: {}
[15.231438] (-) TimerEvent: {}
[15.333101] (-) TimerEvent: {}
[15.433194] (imu_bno08x) Command: {'cmd': ['/usr/bin/python3', '-W', 'ignore:setup.py install is deprecated', '-W', 'ignore:easy_install command is deprecated', 'setup.py', 'egg_info', '--egg-base', '../../build/imu_bno08x', 'build', '--build-base', '/root/GZ_DiNiu/build/imu_bno08x/build', 'install', '--record', '/root/GZ_DiNiu/build/imu_bno08x/install.log', '--single-version-externally-managed', 'install_data'], 'cwd': '/root/GZ_DiNiu/src/imu_bno08x', 'env': {'PYTHON_BASIC_REPL': '1', 'LESSOPEN': '| /usr/bin/lesspipe %s', 'LANGUAGE': 'zh_CN:zh', 'USER': 'root', 'SSH_CLIENT': '192.168.1.25 42870 22', 'XDG_SESSION_TYPE': 'tty', 'GIT_ASKPASS': '/root/.vscode-server/cli/servers/Stable-072586267e68ece9a47aa43f8c108e0dcbf44622/server/extensions/git/dist/askpass.sh', 'SHLVL': '2', 'LD_LIBRARY_PATH': '/opt/ros/humble/opt/rviz_ogre_vendor/lib:/opt/ros/humble/lib/aarch64-linux-gnu:/opt/ros/humble/lib', 'BROWSER': '/root/.vscode-server/cli/servers/Stable-072586267e68ece9a47aa43f8c108e0dcbf44622/server/bin/helpers/browser.sh', 'MOTD_SHOWN': 'pam', 'HOME': '/root', 'TERM_PROGRAM_VERSION': '1.109.5', 'VSCODE_IPC_HOOK_CLI': '/run/user/0/vscode-ipc-7df1a358-fa73-439d-ad89-adf667160caf.sock', 'ROS_PYTHON_VERSION': '3', 'VSCODE_GIT_ASKPASS_MAIN': '/root/.vscode-server/cli/servers/Stable-072586267e68ece9a47aa43f8c108e0dcbf44622/server/extensions/git/dist/askpass-main.js', 'VSCODE_GIT_ASKPASS_NODE': '/root/.vscode-server/cli/servers/Stable-072586267e68ece9a47aa43f8c108e0dcbf44622/server/node', 'SSL_CERT_FILE': '/usr/lib/ssl/certs/ca-certificates.crt', 'PYDEVD_DISABLE_FILE_VALIDATION': '1', 'BUNDLED_DEBUGPY_PATH': '/root/.vscode-server/extensions/ms-python.debugpy-2025.18.0/bundled/libs/debugpy', 'VSCODE_PYTHON_AUTOACTIVATE_GUARD': '1', 'DBUS_SESSION_BUS_ADDRESS': 'unix:path=/run/user/0/bus', 'COLORTERM': 'truecolor', 'DEBUGINFOD_URLS': '', 'COLCON_PREFIX_PATH': '/root/GZ_DiNiu/install', 'ROS_DISTRO': 'humble', 'LOGNAME': 'root', '_': '/usr/bin/colcon', 'ROS_VERSION': '2', 'XDG_SESSION_CLASS': 'user', 'TERM': 'xterm-256color', 'XDG_SESSION_ID': '2', 'ROS_LOCALHOST_ONLY': '0', 'PATH': '/root/.vscode-server/cli/servers/Stable-072586267e68ece9a47aa43f8c108e0dcbf44622/server/bin/remote-cli:/opt/ros/humble/bin:/usr/local/sbin:/usr/local/bin:/usr/sbin:/usr/bin:/sbin:/bin:/usr/games:/usr/local/games:/snap/bin:/root/.vscode-server/extensions/ms-python.debugpy-2025.18.0/bundled/scripts/noConfigScripts', 'XDG_RUNTIME_DIR': '/run/user/0', 'SSL_CERT_DIR': '/usr/lib/ssl/certs', 'VSCODE_DEBUGPY_ADAPTER_ENDPOINTS': '/root/.vscode-server/extensions/ms-python.debugpy-2025.18.0/.noConfigDebugAdapterEndpoints/endpoint-e8455e4bc5ae7857.txt', 'LANG': 'zh_CN.UTF-8', 'PYTHONSTARTUP': '/root/.vscode-server/data/User/workspaceStorage/7df28b463ac56098d5ed4f2c8d434cf2/ms-python.python/pythonrc.py', 'LS_COLORS': 'rs=0:di=01;34:ln=01;36:mh=00:pi=40;33:so=01;35:do=01;35:bd=40;33;01:cd=40;33;01:or=40;31;01:mi=00:su=37;41:sg=30;43:ca=30;41:tw=30;42:ow=34;42:st=37;44:ex=01;32:*.tar=01;31:*.tgz=01;31:*.arc=01;31:*.arj=01;31:*.taz=01;31:*.lha=01;31:*.lz4=01;31:*.lzh=01;31:*.lzma=01;31:*.tlz=01;31:*.txz=01;31:*.tzo=01;31:*.t7z=01;31:*.zip=01;31:*.z=01;31:*.dz=01;31:*.gz=01;31:*.lrz=01;31:*.lz=01;31:*.lzo=01;31:*.xz=01;31:*.zst=01;31:*.tzst=01;31:*.bz2=01;31:*.bz=01;31:*.tbz=01;31:*.tbz2=01;31:*.tz=01;31:*.deb=01;31:*.rpm=01;31:*.jar=01;31:*.war=01;31:*.ear=01;31:*.sar=01;31:*.rar=01;31:*.alz=01;31:*.ace=01;31:*.zoo=01;31:*.cpio=01;31:*.7z=01;31:*.rz=01;31:*.cab=01;31:*.wim=01;31:*.swm=01;31:*.dwm=01;31:*.esd=01;31:*.jpg=01;35:*.jpeg=01;35:*.mjpg=01;35:*.mjpeg=01;35:*.gif=01;35:*.bmp=01;35:*.pbm=01;35:*.pgm=01;35:*.ppm=01;35:*.tga=01;35:*.xbm=01;35:*.xpm=01;35:*.tif=01;35:*.tiff=01;35:*.png=01;35:*.svg=01;35:*.svgz=01;35:*.mng=01;35:*.pcx=01;35:*.mov=01;35:*.mpg=01;35:*.mpeg=01;35:*.m2v=01;35:*.mkv=01;35:*.webm=01;35:*.webp=01;35:*.ogm=01;35:*.mp4=01;35:*.m4v=01;35:*.mp4v=01;35:*.vob=01;35:*.qt=01;35:*.nuv=01;35:*.wmv=01;35:*.asf=01;35:*.rm=01;35:*.rmvb=01;35:*.flc=01;35:*.avi=01;35:*.fli=01;35:*.flv=01;35:*.gl=01;35:*.dl=01;35:*.xcf=01;35:*.xwd=01;35:*.yuv=01;35:*.cgm=01;35:*.emf=01;35:*.ogv=01;35:*.ogx=01;35:*.aac=00;36:*.au=00;36:*.flac=00;36:*.m4a=00;36:*.mid=00;36:*.midi=00;36:*.mka=00;36:*.mp3=00;36:*.mpc=00;36:*.ogg=00;36:*.ra=00;36:*.wav=00;36:*.oga=00;36:*.opus=00;36:*.spx=00;36:*.xspf=00;36:', 'VSCODE_GIT_IPC_HANDLE': '/run/user/0/vscode-git-0da86a6bbb.sock', 'TERM_PROGRAM': 'vscode', 'AMENT_PREFIX_PATH': '/root/GZ_DiNiu/install/steer_closed_loop:/root/GZ_DiNiu/install/motor_control_py:/root/GZ_DiNiu/install/io_control_py:/root/GZ_DiNiu/install/imu_bno08x:/root/GZ_DiNiu/install/encoder_vel:/root/GZ_DiNiu/install/ackermann_odom:/opt/ros/humble', 'SHELL': '/bin/bash', 'LESSCLOSE': '/usr/bin/lesspipe %s %s', 'VSCODE_GIT_ASKPASS_EXTRA_ARGS': '', 'PWD': '/root/GZ_DiNiu/build/imu_bno08x', 'SSH_CONNECTION': '192.168.1.25 42870 192.168.1.20 22', 'XDG_DATA_DIRS': '/usr/share/gnome:/usr/local/share:/usr/share:/var/lib/snapd/desktop', 'PYTHONPATH': '/root/GZ_DiNiu/build/imu_bno08x/prefix_override:/usr/lib/python3/dist-packages/colcon_core/task/python/colcon_distutils_commands:/root/GZ_DiNiu/install/imu_bno08x/lib/python3.10/site-packages:/root/GZ_DiNiu/install/motor_control_py/lib/python3.10/site-packages:/root/GZ_DiNiu/install/io_control_py/lib/python3.10/site-packages:/root/GZ_DiNiu/install/imu_bno08x/lib/python3.10/site-packages:/opt/ros/humble/lib/python3.10/site-packages:/opt/ros/humble/local/lib/python3.10/dist-packages', 'COLCON': '1', 'CMAKE_PREFIX_PATH': '/root/GZ_DiNiu/install/steer_closed_loop:/root/GZ_DiNiu/install/encoder_vel:/root/GZ_DiNiu/install/ackermann_odom'}, 'shell': False}
[15.438341] (-) TimerEvent: {}
[15.553145] (-) TimerEvent: {}
[15.655091] (-) TimerEvent: {}
[15.758817] (-) TimerEvent: {}
[15.860657] (-) TimerEvent: {}
[15.962433] (-) TimerEvent: {}
[16.069307] (-) TimerEvent: {}
[16.097850] (io_control_py) Command: {'cmd': ['/usr/bin/python3', '-W', 'ignore:setup.py install is deprecated', '-W', 'ignore:easy_install command is deprecated', 'setup.py', 'egg_info', '--egg-base', '../../build/io_control_py', 'build', '--build-base', '/root/GZ_DiNiu/build/io_control_py/build', 'install', '--record', '/root/GZ_DiNiu/build/io_control_py/install.log', '--single-version-externally-managed', 'install_data'], 'cwd': '/root/GZ_DiNiu/src/io_control_py', 'env': {'PYTHON_BASIC_REPL': '1', 'LESSOPEN': '| /usr/bin/lesspipe %s', 'LANGUAGE': 'zh_CN:zh', 'USER': 'root', 'SSH_CLIENT': '192.168.1.25 42870 22', 'XDG_SESSION_TYPE': 'tty', 'GIT_ASKPASS': '/root/.vscode-server/cli/servers/Stable-072586267e68ece9a47aa43f8c108e0dcbf44622/server/extensions/git/dist/askpass.sh', 'SHLVL': '2', 'LD_LIBRARY_PATH': '/opt/ros/humble/opt/rviz_ogre_vendor/lib:/opt/ros/humble/lib/aarch64-linux-gnu:/opt/ros/humble/lib', 'BROWSER': '/root/.vscode-server/cli/servers/Stable-072586267e68ece9a47aa43f8c108e0dcbf44622/server/bin/helpers/browser.sh', 'MOTD_SHOWN': 'pam', 'HOME': '/root', 'TERM_PROGRAM_VERSION': '1.109.5', 'VSCODE_IPC_HOOK_CLI': '/run/user/0/vscode-ipc-7df1a358-fa73-439d-ad89-adf667160caf.sock', 'ROS_PYTHON_VERSION': '3', 'VSCODE_GIT_ASKPASS_MAIN': '/root/.vscode-server/cli/servers/Stable-072586267e68ece9a47aa43f8c108e0dcbf44622/server/extensions/git/dist/askpass-main.js', 'VSCODE_GIT_ASKPASS_NODE': '/root/.vscode-server/cli/servers/Stable-072586267e68ece9a47aa43f8c108e0dcbf44622/server/node', 'SSL_CERT_FILE': '/usr/lib/ssl/certs/ca-certificates.crt', 'PYDEVD_DISABLE_FILE_VALIDATION': '1', 'BUNDLED_DEBUGPY_PATH': '/root/.vscode-server/extensions/ms-python.debugpy-2025.18.0/bundled/libs/debugpy', 'VSCODE_PYTHON_AUTOACTIVATE_GUARD': '1', 'DBUS_SESSION_BUS_ADDRESS': 'unix:path=/run/user/0/bus', 'COLORTERM': 'truecolor', 'DEBUGINFOD_URLS': '', 'COLCON_PREFIX_PATH': '/root/GZ_DiNiu/install', 'ROS_DISTRO': 'humble', 'LOGNAME': 'root', '_': '/usr/bin/colcon', 'ROS_VERSION': '2', 'XDG_SESSION_CLASS': 'user', 'TERM': 'xterm-256color', 'XDG_SESSION_ID': '2', 'ROS_LOCALHOST_ONLY': '0', 'PATH': '/root/.vscode-server/cli/servers/Stable-072586267e68ece9a47aa43f8c108e0dcbf44622/server/bin/remote-cli:/opt/ros/humble/bin:/usr/local/sbin:/usr/local/bin:/usr/sbin:/usr/bin:/sbin:/bin:/usr/games:/usr/local/games:/snap/bin:/root/.vscode-server/extensions/ms-python.debugpy-2025.18.0/bundled/scripts/noConfigScripts', 'XDG_RUNTIME_DIR': '/run/user/0', 'SSL_CERT_DIR': '/usr/lib/ssl/certs', 'VSCODE_DEBUGPY_ADAPTER_ENDPOINTS': '/root/.vscode-server/extensions/ms-python.debugpy-2025.18.0/.noConfigDebugAdapterEndpoints/endpoint-e8455e4bc5ae7857.txt', 'LANG': 'zh_CN.UTF-8', 'PYTHONSTARTUP': '/root/.vscode-server/data/User/workspaceStorage/7df28b463ac56098d5ed4f2c8d434cf2/ms-python.python/pythonrc.py', 'LS_COLORS': 'rs=0:di=01;34:ln=01;36:mh=00:pi=40;33:so=01;35:do=01;35:bd=40;33;01:cd=40;33;01:or=40;31;01:mi=00:su=37;41:sg=30;43:ca=30;41:tw=30;42:ow=34;42:st=37;44:ex=01;32:*.tar=01;31:*.tgz=01;31:*.arc=01;31:*.arj=01;31:*.taz=01;31:*.lha=01;31:*.lz4=01;31:*.lzh=01;31:*.lzma=01;31:*.tlz=01;31:*.txz=01;31:*.tzo=01;31:*.t7z=01;31:*.zip=01;31:*.z=01;31:*.dz=01;31:*.gz=01;31:*.lrz=01;31:*.lz=01;31:*.lzo=01;31:*.xz=01;31:*.zst=01;31:*.tzst=01;31:*.bz2=01;31:*.bz=01;31:*.tbz=01;31:*.tbz2=01;31:*.tz=01;31:*.deb=01;31:*.rpm=01;31:*.jar=01;31:*.war=01;31:*.ear=01;31:*.sar=01;31:*.rar=01;31:*.alz=01;31:*.ace=01;31:*.zoo=01;31:*.cpio=01;31:*.7z=01;31:*.rz=01;31:*.cab=01;31:*.wim=01;31:*.swm=01;31:*.dwm=01;31:*.esd=01;31:*.jpg=01;35:*.jpeg=01;35:*.mjpg=01;35:*.mjpeg=01;35:*.gif=01;35:*.bmp=01;35:*.pbm=01;35:*.pgm=01;35:*.ppm=01;35:*.tga=01;35:*.xbm=01;35:*.xpm=01;35:*.tif=01;35:*.tiff=01;35:*.png=01;35:*.svg=01;35:*.svgz=01;35:*.mng=01;35:*.pcx=01;35:*.mov=01;35:*.mpg=01;35:*.mpeg=01;35:*.m2v=01;35:*.mkv=01;35:*.webm=01;35:*.webp=01;35:*.ogm=01;35:*.mp4=01;35:*.m4v=01;35:*.mp4v=01;35:*.vob=01;35:*.qt=01;35:*.nuv=01;35:*.wmv=01;35:*.asf=01;35:*.rm=01;35:*.rmvb=01;35:*.flc=01;35:*.avi=01;35:*.fli=01;35:*.flv=01;35:*.gl=01;35:*.dl=01;35:*.xcf=01;35:*.xwd=01;35:*.yuv=01;35:*.cgm=01;35:*.emf=01;35:*.ogv=01;35:*.ogx=01;35:*.aac=00;36:*.au=00;36:*.flac=00;36:*.m4a=00;36:*.mid=00;36:*.midi=00;36:*.mka=00;36:*.mp3=00;36:*.mpc=00;36:*.ogg=00;36:*.ra=00;36:*.wav=00;36:*.oga=00;36:*.opus=00;36:*.spx=00;36:*.xspf=00;36:', 'VSCODE_GIT_IPC_HANDLE': '/run/user/0/vscode-git-0da86a6bbb.sock', 'TERM_PROGRAM': 'vscode', 'AMENT_PREFIX_PATH': '/root/GZ_DiNiu/install/steer_closed_loop:/root/GZ_DiNiu/install/motor_control_py:/root/GZ_DiNiu/install/io_control_py:/root/GZ_DiNiu/install/imu_bno08x:/root/GZ_DiNiu/install/encoder_vel:/root/GZ_DiNiu/install/ackermann_odom:/opt/ros/humble', 'SHELL': '/bin/bash', 'LESSCLOSE': '/usr/bin/lesspipe %s %s', 'VSCODE_GIT_ASKPASS_EXTRA_ARGS': '', 'PWD': '/root/GZ_DiNiu/build/io_control_py', 'SSH_CONNECTION': '192.168.1.25 42870 192.168.1.20 22', 'XDG_DATA_DIRS': '/usr/share/gnome:/usr/local/share:/usr/share:/var/lib/snapd/desktop', 'PYTHONPATH': '/root/GZ_DiNiu/build/io_control_py/prefix_override:/usr/lib/python3/dist-packages/colcon_core/task/python/colcon_distutils_commands:/root/GZ_DiNiu/install/io_control_py/lib/python3.10/site-packages:/root/GZ_DiNiu/install/motor_control_py/lib/python3.10/site-packages:/root/GZ_DiNiu/install/io_control_py/lib/python3.10/site-packages:/root/GZ_DiNiu/install/imu_bno08x/lib/python3.10/site-packages:/opt/ros/humble/lib/python3.10/site-packages:/opt/ros/humble/local/lib/python3.10/dist-packages', 'COLCON': '1', 'CMAKE_PREFIX_PATH': '/root/GZ_DiNiu/install/steer_closed_loop:/root/GZ_DiNiu/install/encoder_vel:/root/GZ_DiNiu/install/ackermann_odom'}, 'shell': False}
[16.169507] (-) TimerEvent: {}
[16.274336] (-) TimerEvent: {}
[16.376232] (-) TimerEvent: {}
[16.480109] (-) TimerEvent: {}
[16.582383] (-) TimerEvent: {}
[16.689347] (-) TimerEvent: {}
[16.797143] (-) TimerEvent: {}
[16.899890] (-) TimerEvent: {}
[17.002203] (-) TimerEvent: {}
[17.109985] (-) TimerEvent: {}
[17.212939] (-) TimerEvent: {}
[17.315212] (-) TimerEvent: {}
[17.417198] (-) TimerEvent: {}
[17.519147] (-) TimerEvent: {}
[17.621687] (-) TimerEvent: {}
[17.728399] (-) TimerEvent: {}
[17.830205] (-) TimerEvent: {}
[17.932161] (-) TimerEvent: {}
[18.034618] (-) TimerEvent: {}
[18.136263] (-) TimerEvent: {}
[18.237923] (-) TimerEvent: {}
[18.339479] (-) TimerEvent: {}
[18.441289] (-) TimerEvent: {}
[18.548300] (-) TimerEvent: {}
[18.651388] (-) TimerEvent: {}
[18.755088] (-) TimerEvent: {}
[18.856974] (-) TimerEvent: {}
[18.958987] (-) TimerEvent: {}
[19.061023] (-) TimerEvent: {}
[19.162863] (-) TimerEvent: {}
[19.270735] (-) TimerEvent: {}
[19.372695] (-) TimerEvent: {}
[19.475064] (-) TimerEvent: {}
[19.577500] (-) TimerEvent: {}
[19.681959] (-) TimerEvent: {}
[19.787917] (-) TimerEvent: {}
[19.816465] (encoder_vel) StdoutLine: {'line': b"-- Using RMW implementation 'rmw_fastrtps_cpp' as default\n"}
[19.891684] (-) TimerEvent: {}
[19.994009] (-) TimerEvent: {}
[20.098938] (-) TimerEvent: {}
[20.213340] (-) TimerEvent: {}
[20.315360] (-) TimerEvent: {}
[20.416278] (-) TimerEvent: {}
[20.518173] (-) TimerEvent: {}
[20.631166] (-) TimerEvent: {}
[20.733802] (-) TimerEvent: {}
[20.760051] (imu_bno08x) StdoutLine: {'line': b'running egg_info\n'}
[20.790917] (imu_bno08x) StdoutLine: {'line': b'writing ../../build/imu_bno08x/imu_bno08x.egg-info/PKG-INFO\n'}
[20.798582] (imu_bno08x) StdoutLine: {'line': b'writing dependency_links to ../../build/imu_bno08x/imu_bno08x.egg-info/dependency_links.txt\n'}
[20.811047] (imu_bno08x) StdoutLine: {'line': b'writing entry points to ../../build/imu_bno08x/imu_bno08x.egg-info/entry_points.txt\n'}
[20.817865] (imu_bno08x) StdoutLine: {'line': b'writing requirements to ../../build/imu_bno08x/imu_bno08x.egg-info/requires.txt\n'}
[20.829101] (imu_bno08x) StdoutLine: {'line': b'writing top-level names to ../../build/imu_bno08x/imu_bno08x.egg-info/top_level.txt\n'}
[20.833956] (-) TimerEvent: {}
[20.892172] (imu_bno08x) StdoutLine: {'line': b"reading manifest file '../../build/imu_bno08x/imu_bno08x.egg-info/SOURCES.txt'\n"}
[20.916200] (imu_bno08x) StdoutLine: {'line': b"writing manifest file '../../build/imu_bno08x/imu_bno08x.egg-info/SOURCES.txt'\n"}
[20.921632] (imu_bno08x) StdoutLine: {'line': b'running build\n'}
[20.929517] (imu_bno08x) StdoutLine: {'line': b'running build_py\n'}
[20.933775] (imu_bno08x) StdoutLine: {'line': b'copying imu_bno08x/imu_bno08x_node.py -> /root/GZ_DiNiu/build/imu_bno08x/build/lib/imu_bno08x\n'}
[20.936261] (-) TimerEvent: {}
[20.961479] (imu_bno08x) StdoutLine: {'line': b'running install\n'}
[20.976693] (imu_bno08x) StdoutLine: {'line': b'running install_lib\n'}
[21.002691] (imu_bno08x) StdoutLine: {'line': b'copying /root/GZ_DiNiu/build/imu_bno08x/build/lib/imu_bno08x/imu_bno08x_node.py -> /root/GZ_DiNiu/install/imu_bno08x/lib/python3.10/site-packages/imu_bno08x\n'}
[21.028951] (imu_bno08x) StdoutLine: {'line': b'byte-compiling /root/GZ_DiNiu/install/imu_bno08x/lib/python3.10/site-packages/imu_bno08x/imu_bno08x_node.py to imu_bno08x_node.cpython-310.pyc\n'}
[21.036441] (-) TimerEvent: {}
[21.072338] (imu_bno08x) StdoutLine: {'line': b'running install_data\n'}
[21.082419] (imu_bno08x) StdoutLine: {'line': b'copying package.xml -> /root/GZ_DiNiu/install/imu_bno08x/share/imu_bno08x\n'}
[21.088803] (imu_bno08x) StdoutLine: {'line': b'running install_egg_info\n'}
[21.136726] (-) TimerEvent: {}
[21.141455] (imu_bno08x) StdoutLine: {'line': b"removing '/root/GZ_DiNiu/install/imu_bno08x/lib/python3.10/site-packages/imu_bno08x-0.0.1-py3.10.egg-info' (and everything under it)\n"}
[21.168398] (imu_bno08x) StdoutLine: {'line': b'Copying ../../build/imu_bno08x/imu_bno08x.egg-info to /root/GZ_DiNiu/install/imu_bno08x/lib/python3.10/site-packages/imu_bno08x-0.0.1-py3.10.egg-info\n'}
[21.231815] (imu_bno08x) StdoutLine: {'line': b'running install_scripts\n'}
[21.236925] (-) TimerEvent: {}
[21.338954] (-) TimerEvent: {}
[21.434802] (imu_bno08x) StdoutLine: {'line': b'Installing imu_bno08x_node script to /root/GZ_DiNiu/install/imu_bno08x/lib/imu_bno08x\n'}
[21.439143] (-) TimerEvent: {}
[21.515084] (imu_bno08x) StdoutLine: {'line': b"writing list of installed files to '/root/GZ_DiNiu/build/imu_bno08x/install.log'\n"}
[21.539330] (-) TimerEvent: {}
[21.640924] (-) TimerEvent: {}
[21.742932] (-) TimerEvent: {}
[21.848304] (-) TimerEvent: {}
[21.950454] (-) TimerEvent: {}
[22.052374] (-) TimerEvent: {}
[22.095923] (imu_bno08x) CommandEnded: {'returncode': 0}
[22.152565] (-) TimerEvent: {}
[22.254520] (-) TimerEvent: {}
[22.355740] (-) TimerEvent: {}
[22.389858] (imu_bno08x) JobEnded: {'identifier': 'imu_bno08x', 'rc': 0}
[22.398780] (motor_control_py) JobStarted: {'identifier': 'motor_control_py'}
[22.457848] (-) TimerEvent: {}
[22.560051] (-) TimerEvent: {}
[22.661253] (-) TimerEvent: {}
[22.772511] (-) TimerEvent: {}
[22.875222] (-) TimerEvent: {}
[22.896401] (encoder_vel) StdoutLine: {'line': b'-- Configuring done\n'}
[22.976504] (-) TimerEvent: {}
[23.083158] (-) TimerEvent: {}
[23.105931] (encoder_vel) StdoutLine: {'line': b'-- Generating done\n'}
[23.185117] (-) TimerEvent: {}
[23.244986] (encoder_vel) StdoutLine: {'line': b'-- Build files have been written to: /root/GZ_DiNiu/build/encoder_vel\n'}
[23.288060] (-) TimerEvent: {}
[23.389005] (-) TimerEvent: {}
[23.491818] (-) TimerEvent: {}
[23.593671] (-) TimerEvent: {}
[23.696266] (-) TimerEvent: {}
[23.798219] (-) TimerEvent: {}
[23.830663] (encoder_vel) StdoutLine: {'line': b'\x1b[35m\x1b[1mConsolidate compiler generated dependencies of target encoder_vel_node\x1b[0m\n'}
[23.899618] (-) TimerEvent: {}
[23.972331] (io_control_py) StdoutLine: {'line': b'running egg_info\n'}
[24.000203] (-) TimerEvent: {}
[24.012695] (io_control_py) StdoutLine: {'line': b'writing ../../build/io_control_py/io_control_py.egg-info/PKG-INFO\n'}
[24.023915] (io_control_py) StdoutLine: {'line': b'writing dependency_links to ../../build/io_control_py/io_control_py.egg-info/dependency_links.txt\n'}
[24.034362] (io_control_py) StdoutLine: {'line': b'writing entry points to ../../build/io_control_py/io_control_py.egg-info/entry_points.txt\n'}
[24.042017] (io_control_py) StdoutLine: {'line': b'writing requirements to ../../build/io_control_py/io_control_py.egg-info/requires.txt\n'}
[24.049647] (io_control_py) StdoutLine: {'line': b'writing top-level names to ../../build/io_control_py/io_control_py.egg-info/top_level.txt\n'}
[24.099939] (io_control_py) StdoutLine: {'line': b"reading manifest file '../../build/io_control_py/io_control_py.egg-info/SOURCES.txt'\n"}
[24.100557] (-) TimerEvent: {}
[24.132335] (io_control_py) StdoutLine: {'line': b"writing manifest file '../../build/io_control_py/io_control_py.egg-info/SOURCES.txt'\n"}
[24.135898] (io_control_py) StdoutLine: {'line': b'running build\n'}
[24.136474] (io_control_py) StdoutLine: {'line': b'running build_py\n'}
[24.140461] (io_control_py) StdoutLine: {'line': b'copying io_control_py/io_control_node.py -> /root/GZ_DiNiu/build/io_control_py/build/lib/io_control_py\n'}
[24.153248] (io_control_py) StdoutLine: {'line': b'running install\n'}
[24.161157] (io_control_py) StdoutLine: {'line': b'running install_lib\n'}
[24.180537] (io_control_py) StdoutLine: {'line': b'copying /root/GZ_DiNiu/build/io_control_py/build/lib/io_control_py/io_control_node.py -> /root/GZ_DiNiu/install/io_control_py/lib/python3.10/site-packages/io_control_py\n'}
[24.199889] (io_control_py) StdoutLine: {'line': b'byte-compiling /root/GZ_DiNiu/install/io_control_py/lib/python3.10/site-packages/io_control_py/io_control_node.py to io_control_node.cpython-310.pyc\n'}
[24.201416] (-) TimerEvent: {}
[24.230623] (io_control_py) StdoutLine: {'line': b'running install_data\n'}
[24.234567] (io_control_py) StdoutLine: {'line': b'copying package.xml -> /root/GZ_DiNiu/install/io_control_py/share/io_control_py\n'}
[24.242362] (io_control_py) StdoutLine: {'line': b'running install_egg_info\n'}
[24.277311] (io_control_py) StdoutLine: {'line': b"removing '/root/GZ_DiNiu/install/io_control_py/lib/python3.10/site-packages/io_control_py-0.0.1-py3.10.egg-info' (and everything under it)\n"}
[24.300074] (io_control_py) StdoutLine: {'line': b'Copying ../../build/io_control_py/io_control_py.egg-info to /root/GZ_DiNiu/install/io_control_py/lib/python3.10/site-packages/io_control_py-0.0.1-py3.10.egg-info\n'}
[24.301768] (-) TimerEvent: {}
[24.329267] (encoder_vel) StdoutLine: {'line': b'[ 50%] \x1b[32mBuilding CXX object CMakeFiles/encoder_vel_node.dir/src/encoder_vel_node.cpp.o\x1b[0m\n'}
[24.358526] (io_control_py) StdoutLine: {'line': b'running install_scripts\n'}
[24.401946] (-) TimerEvent: {}
[24.503107] (-) TimerEvent: {}
[24.609165] (-) TimerEvent: {}
[24.710932] (-) TimerEvent: {}
[24.738570] (io_control_py) StdoutLine: {'line': b'Installing io_control_node script to /root/GZ_DiNiu/install/io_control_py/lib/io_control_py\n'}
[24.763471] (io_control_py) StdoutLine: {'line': b"writing list of installed files to '/root/GZ_DiNiu/build/io_control_py/install.log'\n"}
[24.811241] (-) TimerEvent: {}
[24.912092] (-) TimerEvent: {}
[25.021390] (-) TimerEvent: {}
[25.122183] (-) TimerEvent: {}
[25.230408] (-) TimerEvent: {}
[25.333354] (-) TimerEvent: {}
[25.436270] (-) TimerEvent: {}
[25.538652] (-) TimerEvent: {}
[25.644322] (-) TimerEvent: {}
[25.749134] (-) TimerEvent: {}
[25.851376] (-) TimerEvent: {}
[25.959733] (-) TimerEvent: {}
[26.062344] (-) TimerEvent: {}
[26.169155] (-) TimerEvent: {}
[26.272516] (-) TimerEvent: {}
[26.376688] (-) TimerEvent: {}
[26.481025] (-) TimerEvent: {}
[26.582682] (-) TimerEvent: {}
[26.686276] (-) TimerEvent: {}
[26.787607] (-) TimerEvent: {}
[26.888937] (-) TimerEvent: {}
[26.990495] (-) TimerEvent: {}
[27.091406] (-) TimerEvent: {}
[27.192999] (-) TimerEvent: {}
[27.294510] (-) TimerEvent: {}
[27.396181] (-) TimerEvent: {}
[27.497002] (-) TimerEvent: {}
[27.598428] (-) TimerEvent: {}
[27.699694] (-) TimerEvent: {}
[27.801379] (-) TimerEvent: {}
[27.902933] (-) TimerEvent: {}
[28.012551] (-) TimerEvent: {}
[28.117257] (-) TimerEvent: {}
[28.232137] (-) TimerEvent: {}
[28.336401] (-) TimerEvent: {}
[28.438605] (-) TimerEvent: {}
[28.541331] (-) TimerEvent: {}
[28.642613] (-) TimerEvent: {}
[28.750792] (-) TimerEvent: {}
[28.852077] (-) TimerEvent: {}
[28.953686] (-) TimerEvent: {}
[29.055015] (-) TimerEvent: {}
[29.156210] (-) TimerEvent: {}
[29.265943] (-) TimerEvent: {}
[29.367374] (-) TimerEvent: {}
[29.494514] (-) TimerEvent: {}
[29.595379] (-) TimerEvent: {}
[29.708994] (-) TimerEvent: {}
[29.821000] (-) TimerEvent: {}
[29.927482] (-) TimerEvent: {}
[30.028698] (-) TimerEvent: {}
[30.137271] (-) TimerEvent: {}
[30.244553] (-) TimerEvent: {}
[30.345946] (-) TimerEvent: {}
[30.460982] (-) TimerEvent: {}
[30.564918] (-) TimerEvent: {}
[30.669041] (-) TimerEvent: {}
[30.770318] (-) TimerEvent: {}
[30.873242] (-) TimerEvent: {}
[30.977024] (-) TimerEvent: {}
[31.083850] (-) TimerEvent: {}
[31.190694] (-) TimerEvent: {}
[31.301029] (-) TimerEvent: {}
[31.402263] (-) TimerEvent: {}
[31.503128] (-) TimerEvent: {}
[31.612988] (-) TimerEvent: {}
[31.721102] (-) TimerEvent: {}
[31.827544] (-) TimerEvent: {}
[31.880979] (io_control_py) CommandEnded: {'returncode': 0}
[31.932995] (-) TimerEvent: {}
[32.031107] (io_control_py) JobEnded: {'identifier': 'io_control_py', 'rc': 0}
[32.035628] (-) TimerEvent: {}
[32.046280] (steer_closed_loop) JobStarted: {'identifier': 'steer_closed_loop'}
[32.135837] (-) TimerEvent: {}
[32.239999] (-) TimerEvent: {}
[32.243791] (steer_closed_loop) JobProgress: {'identifier': 'steer_closed_loop', 'progress': 'cmake'}
[32.255812] (steer_closed_loop) JobProgress: {'identifier': 'steer_closed_loop', 'progress': 'build'}
[32.257829] (steer_closed_loop) Command: {'cmd': ['/usr/bin/cmake', '--build', '/root/GZ_DiNiu/build/steer_closed_loop', '--', '-j4', '-l4'], 'cwd': '/root/GZ_DiNiu/build/steer_closed_loop', 'env': OrderedDict([('PYTHON_BASIC_REPL', '1'), ('LESSOPEN', '| /usr/bin/lesspipe %s'), ('LANGUAGE', 'zh_CN:zh'), ('USER', 'root'), ('SSH_CLIENT', '192.168.1.25 42870 22'), ('XDG_SESSION_TYPE', 'tty'), ('GIT_ASKPASS', '/root/.vscode-server/cli/servers/Stable-072586267e68ece9a47aa43f8c108e0dcbf44622/server/extensions/git/dist/askpass.sh'), ('SHLVL', '2'), ('LD_LIBRARY_PATH', '/opt/ros/humble/opt/rviz_ogre_vendor/lib:/opt/ros/humble/lib/aarch64-linux-gnu:/opt/ros/humble/lib'), ('BROWSER', '/root/.vscode-server/cli/servers/Stable-072586267e68ece9a47aa43f8c108e0dcbf44622/server/bin/helpers/browser.sh'), ('MOTD_SHOWN', 'pam'), ('HOME', '/root'), ('TERM_PROGRAM_VERSION', '1.109.5'), ('VSCODE_IPC_HOOK_CLI', '/run/user/0/vscode-ipc-7df1a358-fa73-439d-ad89-adf667160caf.sock'), ('ROS_PYTHON_VERSION', '3'), ('VSCODE_GIT_ASKPASS_MAIN', '/root/.vscode-server/cli/servers/Stable-072586267e68ece9a47aa43f8c108e0dcbf44622/server/extensions/git/dist/askpass-main.js'), ('VSCODE_GIT_ASKPASS_NODE', '/root/.vscode-server/cli/servers/Stable-072586267e68ece9a47aa43f8c108e0dcbf44622/server/node'), ('SSL_CERT_FILE', '/usr/lib/ssl/certs/ca-certificates.crt'), ('PYDEVD_DISABLE_FILE_VALIDATION', '1'), ('BUNDLED_DEBUGPY_PATH', '/root/.vscode-server/extensions/ms-python.debugpy-2025.18.0/bundled/libs/debugpy'), ('VSCODE_PYTHON_AUTOACTIVATE_GUARD', '1'), ('DBUS_SESSION_BUS_ADDRESS', 'unix:path=/run/user/0/bus'), ('COLORTERM', 'truecolor'), ('DEBUGINFOD_URLS', ''), ('COLCON_PREFIX_PATH', '/root/GZ_DiNiu/install'), ('ROS_DISTRO', 'humble'), ('LOGNAME', 'root'), ('_', '/usr/bin/colcon'), ('ROS_VERSION', '2'), ('XDG_SESSION_CLASS', 'user'), ('TERM', 'xterm-256color'), ('XDG_SESSION_ID', '2'), ('ROS_LOCALHOST_ONLY', '0'), ('PATH', '/root/.vscode-server/cli/servers/Stable-072586267e68ece9a47aa43f8c108e0dcbf44622/server/bin/remote-cli:/opt/ros/humble/bin:/usr/local/sbin:/usr/local/bin:/usr/sbin:/usr/bin:/sbin:/bin:/usr/games:/usr/local/games:/snap/bin:/root/.vscode-server/extensions/ms-python.debugpy-2025.18.0/bundled/scripts/noConfigScripts'), ('XDG_RUNTIME_DIR', '/run/user/0'), ('SSL_CERT_DIR', '/usr/lib/ssl/certs'), ('VSCODE_DEBUGPY_ADAPTER_ENDPOINTS', '/root/.vscode-server/extensions/ms-python.debugpy-2025.18.0/.noConfigDebugAdapterEndpoints/endpoint-e8455e4bc5ae7857.txt'), ('LANG', 'zh_CN.UTF-8'), ('PYTHONSTARTUP', '/root/.vscode-server/data/User/workspaceStorage/7df28b463ac56098d5ed4f2c8d434cf2/ms-python.python/pythonrc.py'), ('LS_COLORS', 'rs=0:di=01;34:ln=01;36:mh=00:pi=40;33:so=01;35:do=01;35:bd=40;33;01:cd=40;33;01:or=40;31;01:mi=00:su=37;41:sg=30;43:ca=30;41:tw=30;42:ow=34;42:st=37;44:ex=01;32:*.tar=01;31:*.tgz=01;31:*.arc=01;31:*.arj=01;31:*.taz=01;31:*.lha=01;31:*.lz4=01;31:*.lzh=01;31:*.lzma=01;31:*.tlz=01;31:*.txz=01;31:*.tzo=01;31:*.t7z=01;31:*.zip=01;31:*.z=01;31:*.dz=01;31:*.gz=01;31:*.lrz=01;31:*.lz=01;31:*.lzo=01;31:*.xz=01;31:*.zst=01;31:*.tzst=01;31:*.bz2=01;31:*.bz=01;31:*.tbz=01;31:*.tbz2=01;31:*.tz=01;31:*.deb=01;31:*.rpm=01;31:*.jar=01;31:*.war=01;31:*.ear=01;31:*.sar=01;31:*.rar=01;31:*.alz=01;31:*.ace=01;31:*.zoo=01;31:*.cpio=01;31:*.7z=01;31:*.rz=01;31:*.cab=01;31:*.wim=01;31:*.swm=01;31:*.dwm=01;31:*.esd=01;31:*.jpg=01;35:*.jpeg=01;35:*.mjpg=01;35:*.mjpeg=01;35:*.gif=01;35:*.bmp=01;35:*.pbm=01;35:*.pgm=01;35:*.ppm=01;35:*.tga=01;35:*.xbm=01;35:*.xpm=01;35:*.tif=01;35:*.tiff=01;35:*.png=01;35:*.svg=01;35:*.svgz=01;35:*.mng=01;35:*.pcx=01;35:*.mov=01;35:*.mpg=01;35:*.mpeg=01;35:*.m2v=01;35:*.mkv=01;35:*.webm=01;35:*.webp=01;35:*.ogm=01;35:*.mp4=01;35:*.m4v=01;35:*.mp4v=01;35:*.vob=01;35:*.qt=01;35:*.nuv=01;35:*.wmv=01;35:*.asf=01;35:*.rm=01;35:*.rmvb=01;35:*.flc=01;35:*.avi=01;35:*.fli=01;35:*.flv=01;35:*.gl=01;35:*.dl=01;35:*.xcf=01;35:*.xwd=01;35:*.yuv=01;35:*.cgm=01;35:*.emf=01;35:*.ogv=01;35:*.ogx=01;35:*.aac=00;36:*.au=00;36:*.flac=00;36:*.m4a=00;36:*.mid=00;36:*.midi=00;36:*.mka=00;36:*.mp3=00;36:*.mpc=00;36:*.ogg=00;36:*.ra=00;36:*.wav=00;36:*.oga=00;36:*.opus=00;36:*.spx=00;36:*.xspf=00;36:'), ('VSCODE_GIT_IPC_HANDLE', '/run/user/0/vscode-git-0da86a6bbb.sock'), ('TERM_PROGRAM', 'vscode'), ('AMENT_PREFIX_PATH', '/root/GZ_DiNiu/install/steer_closed_loop:/root/GZ_DiNiu/install/motor_control_py:/root/GZ_DiNiu/install/io_control_py:/root/GZ_DiNiu/install/imu_bno08x:/root/GZ_DiNiu/install/encoder_vel:/root/GZ_DiNiu/install/ackermann_odom:/opt/ros/humble'), ('SHELL', '/bin/bash'), ('LESSCLOSE', '/usr/bin/lesspipe %s %s'), ('VSCODE_GIT_ASKPASS_EXTRA_ARGS', ''), ('PWD', '/root/GZ_DiNiu/build/steer_closed_loop'), ('SSH_CONNECTION', '192.168.1.25 42870 192.168.1.20 22'), ('XDG_DATA_DIRS', '/usr/share/gnome:/usr/local/share:/usr/share:/var/lib/snapd/desktop'), ('PYTHONPATH', '/root/GZ_DiNiu/install/motor_control_py/lib/python3.10/site-packages:/root/GZ_DiNiu/install/io_control_py/lib/python3.10/site-packages:/root/GZ_DiNiu/install/imu_bno08x/lib/python3.10/site-packages:/opt/ros/humble/lib/python3.10/site-packages:/opt/ros/humble/local/lib/python3.10/dist-packages'), ('COLCON', '1'), ('CMAKE_PREFIX_PATH', '/root/GZ_DiNiu/install/steer_closed_loop:/root/GZ_DiNiu/install/encoder_vel:/root/GZ_DiNiu/install/ackermann_odom:/root/GZ_DiNiu/install/motor_control_py:/root/GZ_DiNiu/install/io_control_py:/root/GZ_DiNiu/install/imu_bno08x:/opt/ros/humble')]), 'shell': False}
[32.340189] (-) TimerEvent: {}
[32.453026] (-) TimerEvent: {}
[32.560592] (-) TimerEvent: {}
[32.662646] (-) TimerEvent: {}
[32.767669] (-) TimerEvent: {}
[32.877691] (-) TimerEvent: {}
[32.979786] (-) TimerEvent: {}
[33.081921] (-) TimerEvent: {}
[33.184049] (-) TimerEvent: {}
[33.297118] (-) TimerEvent: {}
[33.398631] (-) TimerEvent: {}
[33.500424] (-) TimerEvent: {}
[33.603141] (-) TimerEvent: {}
[33.707117] (-) TimerEvent: {}
[33.810158] (-) TimerEvent: {}
[33.912306] (-) TimerEvent: {}
[34.014070] (-) TimerEvent: {}
[34.115676] (-) TimerEvent: {}
[34.192315] (steer_closed_loop) StdoutLine: {'line': b'-- Found ament_cmake: 1.3.12 (/opt/ros/humble/share/ament_cmake/cmake)\n'}
[34.216096] (-) TimerEvent: {}
[34.317546] (-) TimerEvent: {}
[34.418914] (-) TimerEvent: {}
[34.522056] (-) TimerEvent: {}
[34.625587] (-) TimerEvent: {}
[34.729385] (-) TimerEvent: {}
[34.832146] (-) TimerEvent: {}
[34.940340] (-) TimerEvent: {}
[35.050482] (-) TimerEvent: {}
[35.152739] (-) TimerEvent: {}
[35.255322] (-) TimerEvent: {}
[35.364599] (-) TimerEvent: {}
[35.476095] (-) TimerEvent: {}
[35.578658] (-) TimerEvent: {}
[35.680567] (-) TimerEvent: {}
[35.781538] (-) TimerEvent: {}
[35.882449] (-) TimerEvent: {}
[35.984609] (-) TimerEvent: {}
[36.085649] (-) TimerEvent: {}
[36.189782] (-) TimerEvent: {}
[36.290752] (-) TimerEvent: {}
[36.391695] (-) TimerEvent: {}
[36.492604] (-) TimerEvent: {}
[36.595115] (-) TimerEvent: {}
[36.697609] (-) TimerEvent: {}
[36.799874] (-) TimerEvent: {}
[36.875808] (steer_closed_loop) StdoutLine: {'line': b'-- Found rclcpp: 16.0.17 (/opt/ros/humble/share/rclcpp/cmake)\n'}
[36.900053] (-) TimerEvent: {}
[37.001983] (-) TimerEvent: {}
[37.104860] (-) TimerEvent: {}
[37.210047] (-) TimerEvent: {}
[37.315531] (-) TimerEvent: {}
[37.417460] (-) TimerEvent: {}
[37.519927] (-) TimerEvent: {}
[37.621927] (-) TimerEvent: {}
[37.724485] (-) TimerEvent: {}
[37.829139] (-) TimerEvent: {}
[37.833666] (steer_closed_loop) StdoutLine: {'line': b'-- Found rosidl_generator_c: 3.1.8 (/opt/ros/humble/share/rosidl_generator_c/cmake)\n'}
[37.878887] (steer_closed_loop) StdoutLine: {'line': b'-- Found rosidl_adapter: 3.1.8 (/opt/ros/humble/share/rosidl_adapter/cmake)\n'}
[37.929305] (-) TimerEvent: {}
[38.032142] (-) TimerEvent: {}
[38.134426] (-) TimerEvent: {}
[38.235225] (-) TimerEvent: {}
[38.320449] (steer_closed_loop) StdoutLine: {'line': b'-- Found rosidl_generator_cpp: 3.1.8 (/opt/ros/humble/share/rosidl_generator_cpp/cmake)\n'}
[38.335396] (-) TimerEvent: {}
[38.436596] (-) TimerEvent: {}
[38.537422] (-) TimerEvent: {}
[38.638144] (-) TimerEvent: {}
[38.739298] (-) TimerEvent: {}
[38.840741] (-) TimerEvent: {}
[38.941605] (-) TimerEvent: {}
[39.042770] (-) TimerEvent: {}
[39.144210] (-) TimerEvent: {}
[39.257070] (-) TimerEvent: {}
[39.359422] (-) TimerEvent: {}
[39.466648] (-) TimerEvent: {}
[39.477660] (motor_control_py) Command: {'cmd': ['/usr/bin/python3', '-W', 'ignore:setup.py install is deprecated', '-W', 'ignore:easy_install command is deprecated', 'setup.py', 'egg_info', '--egg-base', '../../build/motor_control_py', 'build', '--build-base', '/root/GZ_DiNiu/build/motor_control_py/build', 'install', '--record', '/root/GZ_DiNiu/build/motor_control_py/install.log', '--single-version-externally-managed', 'install_data'], 'cwd': '/root/GZ_DiNiu/src/motor_control_py', 'env': {'PYTHON_BASIC_REPL': '1', 'LESSOPEN': '| /usr/bin/lesspipe %s', 'LANGUAGE': 'zh_CN:zh', 'USER': 'root', 'SSH_CLIENT': '192.168.1.25 42870 22', 'XDG_SESSION_TYPE': 'tty', 'GIT_ASKPASS': '/root/.vscode-server/cli/servers/Stable-072586267e68ece9a47aa43f8c108e0dcbf44622/server/extensions/git/dist/askpass.sh', 'SHLVL': '2', 'LD_LIBRARY_PATH': '/opt/ros/humble/opt/rviz_ogre_vendor/lib:/opt/ros/humble/lib/aarch64-linux-gnu:/opt/ros/humble/lib', 'BROWSER': '/root/.vscode-server/cli/servers/Stable-072586267e68ece9a47aa43f8c108e0dcbf44622/server/bin/helpers/browser.sh', 'MOTD_SHOWN': 'pam', 'HOME': '/root', 'TERM_PROGRAM_VERSION': '1.109.5', 'VSCODE_IPC_HOOK_CLI': '/run/user/0/vscode-ipc-7df1a358-fa73-439d-ad89-adf667160caf.sock', 'ROS_PYTHON_VERSION': '3', 'VSCODE_GIT_ASKPASS_MAIN': '/root/.vscode-server/cli/servers/Stable-072586267e68ece9a47aa43f8c108e0dcbf44622/server/extensions/git/dist/askpass-main.js', 'VSCODE_GIT_ASKPASS_NODE': '/root/.vscode-server/cli/servers/Stable-072586267e68ece9a47aa43f8c108e0dcbf44622/server/node', 'SSL_CERT_FILE': '/usr/lib/ssl/certs/ca-certificates.crt', 'PYDEVD_DISABLE_FILE_VALIDATION': '1', 'BUNDLED_DEBUGPY_PATH': '/root/.vscode-server/extensions/ms-python.debugpy-2025.18.0/bundled/libs/debugpy', 'VSCODE_PYTHON_AUTOACTIVATE_GUARD': '1', 'DBUS_SESSION_BUS_ADDRESS': 'unix:path=/run/user/0/bus', 'COLORTERM': 'truecolor', 'DEBUGINFOD_URLS': '', 'COLCON_PREFIX_PATH': '/root/GZ_DiNiu/install', 'ROS_DISTRO': 'humble', 'LOGNAME': 'root', '_': '/usr/bin/colcon', 'ROS_VERSION': '2', 'XDG_SESSION_CLASS': 'user', 'TERM': 'xterm-256color', 'XDG_SESSION_ID': '2', 'ROS_LOCALHOST_ONLY': '0', 'PATH': '/root/.vscode-server/cli/servers/Stable-072586267e68ece9a47aa43f8c108e0dcbf44622/server/bin/remote-cli:/opt/ros/humble/bin:/usr/local/sbin:/usr/local/bin:/usr/sbin:/usr/bin:/sbin:/bin:/usr/games:/usr/local/games:/snap/bin:/root/.vscode-server/extensions/ms-python.debugpy-2025.18.0/bundled/scripts/noConfigScripts', 'XDG_RUNTIME_DIR': '/run/user/0', 'SSL_CERT_DIR': '/usr/lib/ssl/certs', 'VSCODE_DEBUGPY_ADAPTER_ENDPOINTS': '/root/.vscode-server/extensions/ms-python.debugpy-2025.18.0/.noConfigDebugAdapterEndpoints/endpoint-e8455e4bc5ae7857.txt', 'LANG': 'zh_CN.UTF-8', 'PYTHONSTARTUP': '/root/.vscode-server/data/User/workspaceStorage/7df28b463ac56098d5ed4f2c8d434cf2/ms-python.python/pythonrc.py', 'LS_COLORS': 'rs=0:di=01;34:ln=01;36:mh=00:pi=40;33:so=01;35:do=01;35:bd=40;33;01:cd=40;33;01:or=40;31;01:mi=00:su=37;41:sg=30;43:ca=30;41:tw=30;42:ow=34;42:st=37;44:ex=01;32:*.tar=01;31:*.tgz=01;31:*.arc=01;31:*.arj=01;31:*.taz=01;31:*.lha=01;31:*.lz4=01;31:*.lzh=01;31:*.lzma=01;31:*.tlz=01;31:*.txz=01;31:*.tzo=01;31:*.t7z=01;31:*.zip=01;31:*.z=01;31:*.dz=01;31:*.gz=01;31:*.lrz=01;31:*.lz=01;31:*.lzo=01;31:*.xz=01;31:*.zst=01;31:*.tzst=01;31:*.bz2=01;31:*.bz=01;31:*.tbz=01;31:*.tbz2=01;31:*.tz=01;31:*.deb=01;31:*.rpm=01;31:*.jar=01;31:*.war=01;31:*.ear=01;31:*.sar=01;31:*.rar=01;31:*.alz=01;31:*.ace=01;31:*.zoo=01;31:*.cpio=01;31:*.7z=01;31:*.rz=01;31:*.cab=01;31:*.wim=01;31:*.swm=01;31:*.dwm=01;31:*.esd=01;31:*.jpg=01;35:*.jpeg=01;35:*.mjpg=01;35:*.mjpeg=01;35:*.gif=01;35:*.bmp=01;35:*.pbm=01;35:*.pgm=01;35:*.ppm=01;35:*.tga=01;35:*.xbm=01;35:*.xpm=01;35:*.tif=01;35:*.tiff=01;35:*.png=01;35:*.svg=01;35:*.svgz=01;35:*.mng=01;35:*.pcx=01;35:*.mov=01;35:*.mpg=01;35:*.mpeg=01;35:*.m2v=01;35:*.mkv=01;35:*.webm=01;35:*.webp=01;35:*.ogm=01;35:*.mp4=01;35:*.m4v=01;35:*.mp4v=01;35:*.vob=01;35:*.qt=01;35:*.nuv=01;35:*.wmv=01;35:*.asf=01;35:*.rm=01;35:*.rmvb=01;35:*.flc=01;35:*.avi=01;35:*.fli=01;35:*.flv=01;35:*.gl=01;35:*.dl=01;35:*.xcf=01;35:*.xwd=01;35:*.yuv=01;35:*.cgm=01;35:*.emf=01;35:*.ogv=01;35:*.ogx=01;35:*.aac=00;36:*.au=00;36:*.flac=00;36:*.m4a=00;36:*.mid=00;36:*.midi=00;36:*.mka=00;36:*.mp3=00;36:*.mpc=00;36:*.ogg=00;36:*.ra=00;36:*.wav=00;36:*.oga=00;36:*.opus=00;36:*.spx=00;36:*.xspf=00;36:', 'VSCODE_GIT_IPC_HANDLE': '/run/user/0/vscode-git-0da86a6bbb.sock', 'TERM_PROGRAM': 'vscode', 'AMENT_PREFIX_PATH': '/root/GZ_DiNiu/install/steer_closed_loop:/root/GZ_DiNiu/install/motor_control_py:/root/GZ_DiNiu/install/io_control_py:/root/GZ_DiNiu/install/imu_bno08x:/root/GZ_DiNiu/install/encoder_vel:/root/GZ_DiNiu/install/ackermann_odom:/opt/ros/humble', 'SHELL': '/bin/bash', 'LESSCLOSE': '/usr/bin/lesspipe %s %s', 'VSCODE_GIT_ASKPASS_EXTRA_ARGS': '', 'PWD': '/root/GZ_DiNiu/build/motor_control_py', 'SSH_CONNECTION': '192.168.1.25 42870 192.168.1.20 22', 'XDG_DATA_DIRS': '/usr/share/gnome:/usr/local/share:/usr/share:/var/lib/snapd/desktop', 'PYTHONPATH': '/root/GZ_DiNiu/build/motor_control_py/prefix_override:/usr/lib/python3/dist-packages/colcon_core/task/python/colcon_distutils_commands:/root/GZ_DiNiu/install/motor_control_py/lib/python3.10/site-packages:/root/GZ_DiNiu/install/motor_control_py/lib/python3.10/site-packages:/root/GZ_DiNiu/install/io_control_py/lib/python3.10/site-packages:/root/GZ_DiNiu/install/imu_bno08x/lib/python3.10/site-packages:/opt/ros/humble/lib/python3.10/site-packages:/opt/ros/humble/local/lib/python3.10/dist-packages', 'COLCON': '1', 'CMAKE_PREFIX_PATH': '/root/GZ_DiNiu/install/steer_closed_loop:/root/GZ_DiNiu/install/encoder_vel:/root/GZ_DiNiu/install/ackermann_odom'}, 'shell': False}
[39.566820] (-) TimerEvent: {}
[39.669434] (-) TimerEvent: {}
[39.770834] (-) TimerEvent: {}
[39.873011] (-) TimerEvent: {}
[39.912662] (steer_closed_loop) StdoutLine: {'line': b'-- Using all available rosidl_typesupport_c: rosidl_typesupport_fastrtps_c;rosidl_typesupport_introspection_c\n'}
[39.973195] (-) TimerEvent: {}
[40.077835] (-) TimerEvent: {}
[40.179057] (-) TimerEvent: {}
[40.256237] (steer_closed_loop) StdoutLine: {'line': b'-- Using all available rosidl_typesupport_cpp: rosidl_typesupport_fastrtps_cpp;rosidl_typesupport_introspection_cpp\n'}
[40.279241] (-) TimerEvent: {}
[40.380640] (-) TimerEvent: {}
[40.482837] (-) TimerEvent: {}
[40.586888] (-) TimerEvent: {}
[40.692157] (-) TimerEvent: {}
[40.794291] (-) TimerEvent: {}
[40.896133] (-) TimerEvent: {}
[40.998128] (-) TimerEvent: {}
[41.055371] (steer_closed_loop) StdoutLine: {'line': b'-- Found rmw_implementation_cmake: 6.1.2 (/opt/ros/humble/share/rmw_implementation_cmake/cmake)\n'}
[41.089358] (steer_closed_loop) StdoutLine: {'line': b'-- Found rmw_fastrtps_cpp: 6.2.9 (/opt/ros/humble/share/rmw_fastrtps_cpp/cmake)\n'}
[41.098399] (-) TimerEvent: {}
[41.200135] (-) TimerEvent: {}
[41.301673] (-) TimerEvent: {}
[41.403161] (-) TimerEvent: {}
[41.506323] (-) TimerEvent: {}
[41.609014] (-) TimerEvent: {}
[41.710121] (-) TimerEvent: {}
[41.811304] (-) TimerEvent: {}
[41.913259] (-) TimerEvent: {}
[42.015114] (-) TimerEvent: {}
[42.119252] (-) TimerEvent: {}
[42.220377] (-) TimerEvent: {}
[42.321772] (-) TimerEvent: {}
[42.422965] (-) TimerEvent: {}
[42.525582] (-) TimerEvent: {}
[42.631434] (-) TimerEvent: {}
[42.733382] (-) TimerEvent: {}
[42.839159] (-) TimerEvent: {}
[42.939989] (-) TimerEvent: {}
[43.042356] (-) TimerEvent: {}
[43.146408] (-) TimerEvent: {}
[43.248748] (-) TimerEvent: {}
[43.349653] (-) TimerEvent: {}
[43.451505] (-) TimerEvent: {}
[43.553536] (-) TimerEvent: {}
[43.655618] (-) TimerEvent: {}
[43.758769] (-) TimerEvent: {}
[43.860615] (-) TimerEvent: {}
[43.964218] (-) TimerEvent: {}
[44.069013] (-) TimerEvent: {}
[44.173266] (-) TimerEvent: {}
[44.275205] (-) TimerEvent: {}
[44.377022] (-) TimerEvent: {}
[44.479760] (-) TimerEvent: {}
[44.615467] (-) TimerEvent: {}
[44.723994] (-) TimerEvent: {}
[44.825208] (-) TimerEvent: {}
[44.931838] (-) TimerEvent: {}
[45.033095] (-) TimerEvent: {}
[45.135064] (-) TimerEvent: {}
[45.236976] (-) TimerEvent: {}
[45.341270] (-) TimerEvent: {}
[45.392404] (motor_control_py) StdoutLine: {'line': b'running egg_info\n'}
[45.432349] (motor_control_py) StdoutLine: {'line': b'writing ../../build/motor_control_py/motor_control_py.egg-info/PKG-INFO\n'}
[45.440659] (motor_control_py) StdoutLine: {'line': b'writing dependency_links to ../../build/motor_control_py/motor_control_py.egg-info/dependency_links.txt\n'}
[45.441262] (-) TimerEvent: {}
[45.446644] (motor_control_py) StdoutLine: {'line': b'writing entry points to ../../build/motor_control_py/motor_control_py.egg-info/entry_points.txt\n'}
[45.459544] (motor_control_py) StdoutLine: {'line': b'writing requirements to ../../build/motor_control_py/motor_control_py.egg-info/requires.txt\n'}
[45.477725] (motor_control_py) StdoutLine: {'line': b'writing top-level names to ../../build/motor_control_py/motor_control_py.egg-info/top_level.txt\n'}
[45.542315] (-) TimerEvent: {}
[45.545173] (motor_control_py) StdoutLine: {'line': b"reading manifest file '../../build/motor_control_py/motor_control_py.egg-info/SOURCES.txt'\n"}
[45.573962] (motor_control_py) StdoutLine: {'line': b"writing manifest file '../../build/motor_control_py/motor_control_py.egg-info/SOURCES.txt'\n"}
[45.582010] (motor_control_py) StdoutLine: {'line': b'running build\n'}
[45.583000] (motor_control_py) StdoutLine: {'line': b'running build_py\n'}
[45.588330] (motor_control_py) StdoutLine: {'line': b'copying motor_control_py/speed_web_node.py -> /root/GZ_DiNiu/build/motor_control_py/build/lib/motor_control_py\n'}
[45.646995] (-) TimerEvent: {}
[45.663549] (motor_control_py) StdoutLine: {'line': b'copying motor_control_py/motor_control_node.py -> /root/GZ_DiNiu/build/motor_control_py/build/lib/motor_control_py\n'}
[45.730909] (motor_control_py) StdoutLine: {'line': b'copying motor_control_py/steer_control_node.py -> /root/GZ_DiNiu/build/motor_control_py/build/lib/motor_control_py\n'}
[45.776353] (-) TimerEvent: {}
[45.823995] (motor_control_py) StdoutLine: {'line': b'running install\n'}
[45.868499] (motor_control_py) StdoutLine: {'line': b'running install_lib\n'}
[45.931171] (-) TimerEvent: {}
[45.967184] (motor_control_py) StdoutLine: {'line': b'copying /root/GZ_DiNiu/build/motor_control_py/build/lib/motor_control_py/speed_web_node.py -> /root/GZ_DiNiu/install/motor_control_py/lib/python3.10/site-packages/motor_control_py\n'}
[46.003170] (motor_control_py) StdoutLine: {'line': b'copying /root/GZ_DiNiu/build/motor_control_py/build/lib/motor_control_py/motor_control_node.py -> /root/GZ_DiNiu/install/motor_control_py/lib/python3.10/site-packages/motor_control_py\n'}
[46.031905] (motor_control_py) StdoutLine: {'line': b'copying /root/GZ_DiNiu/build/motor_control_py/build/lib/motor_control_py/steer_control_node.py -> /root/GZ_DiNiu/install/motor_control_py/lib/python3.10/site-packages/motor_control_py\n'}
[46.038806] (-) TimerEvent: {}
[46.054718] (motor_control_py) StdoutLine: {'line': b'byte-compiling /root/GZ_DiNiu/install/motor_control_py/lib/python3.10/site-packages/motor_control_py/speed_web_node.py to speed_web_node.cpython-310.pyc\n'}
[46.080512] (motor_control_py) StdoutLine: {'line': b'byte-compiling /root/GZ_DiNiu/install/motor_control_py/lib/python3.10/site-packages/motor_control_py/motor_control_node.py to motor_control_node.cpython-310.pyc\n'}
[46.090420] (motor_control_py) StdoutLine: {'line': b'byte-compiling /root/GZ_DiNiu/install/motor_control_py/lib/python3.10/site-packages/motor_control_py/steer_control_node.py to steer_control_node.cpython-310.pyc\n'}
[46.098080] (motor_control_py) StdoutLine: {'line': b'running install_data\n'}
[46.109898] (motor_control_py) StdoutLine: {'line': b'copying package.xml -> /root/GZ_DiNiu/install/motor_control_py/share/motor_control_py\n'}
[46.124601] (motor_control_py) StdoutLine: {'line': b'copying launch/cmd_vel_full.launch.py -> /root/GZ_DiNiu/install/motor_control_py/share/motor_control_py/launch\n'}
[46.133851] (motor_control_py) StdoutLine: {'line': b'copying launch/bringup.launch.py -> /root/GZ_DiNiu/install/motor_control_py/share/motor_control_py/launch\n'}
[46.143926] (-) TimerEvent: {}
[46.162564] (motor_control_py) StdoutLine: {'line': b'running install_egg_info\n'}
[46.230101] (motor_control_py) StdoutLine: {'line': b"removing '/root/GZ_DiNiu/install/motor_control_py/lib/python3.10/site-packages/motor_control_py-0.0.1-py3.10.egg-info' (and everything under it)\n"}
[46.265663] (-) TimerEvent: {}
[46.301322] (motor_control_py) StdoutLine: {'line': b'Copying ../../build/motor_control_py/motor_control_py.egg-info to /root/GZ_DiNiu/install/motor_control_py/lib/python3.10/site-packages/motor_control_py-0.0.1-py3.10.egg-info\n'}
[46.359240] (motor_control_py) StdoutLine: {'line': b'running install_scripts\n'}
[46.406265] (-) TimerEvent: {}
[46.469516] (motor_control_py) StdoutLine: {'line': b'Installing motor_control_node script to /root/GZ_DiNiu/install/motor_control_py/lib/motor_control_py\n'}
[46.533293] (-) TimerEvent: {}
[46.578714] (motor_control_py) StdoutLine: {'line': b'Installing speed_web_node script to /root/GZ_DiNiu/install/motor_control_py/lib/motor_control_py\n'}
[46.630597] (motor_control_py) StdoutLine: {'line': b'Installing steer_control_node script to /root/GZ_DiNiu/install/motor_control_py/lib/motor_control_py\n'}
[46.688059] (-) TimerEvent: {}
[46.738016] (motor_control_py) StdoutLine: {'line': b"writing list of installed files to '/root/GZ_DiNiu/build/motor_control_py/install.log'\n"}
[46.802535] (-) TimerEvent: {}
[46.973189] (-) TimerEvent: {}
[47.171312] (-) TimerEvent: {}
[47.289179] (motor_control_py) CommandEnded: {'returncode': 0}
[47.312289] (-) TimerEvent: {}
[47.312875] (steer_closed_loop) StdoutLine: {'line': b"-- Using RMW implementation 'rmw_fastrtps_cpp' as default\n"}
[47.413714] (-) TimerEvent: {}
[47.480623] (motor_control_py) JobEnded: {'identifier': 'motor_control_py', 'rc': 0}
[47.513961] (-) TimerEvent: {}
[47.615143] (-) TimerEvent: {}
[47.719461] (-) TimerEvent: {}
[47.821003] (-) TimerEvent: {}
[47.924361] (-) TimerEvent: {}
[48.025945] (-) TimerEvent: {}
[48.128988] (-) TimerEvent: {}
[48.231264] (-) TimerEvent: {}
[48.332158] (-) TimerEvent: {}
[48.433478] (-) TimerEvent: {}
[48.535426] (-) TimerEvent: {}
[48.637402] (-) TimerEvent: {}
[48.740281] (-) TimerEvent: {}
[48.841838] (-) TimerEvent: {}
[48.944219] (-) TimerEvent: {}
[49.048787] (-) TimerEvent: {}
[49.150849] (-) TimerEvent: {}
[49.253410] (-) TimerEvent: {}
[49.355667] (-) TimerEvent: {}
[49.457665] (-) TimerEvent: {}
[49.559513] (-) TimerEvent: {}
[49.661638] (-) TimerEvent: {}
[49.766139] (-) TimerEvent: {}
[49.870685] (-) TimerEvent: {}
[49.973091] (-) TimerEvent: {}
[50.074362] (-) TimerEvent: {}
[50.175628] (-) TimerEvent: {}
[50.276884] (-) TimerEvent: {}
[50.380709] (-) TimerEvent: {}
[50.482033] (-) TimerEvent: {}
[50.585506] (-) TimerEvent: {}
[50.689624] (-) TimerEvent: {}
[50.792723] (-) TimerEvent: {}
[50.896144] (-) TimerEvent: {}
[50.997022] (-) TimerEvent: {}
[51.098662] (-) TimerEvent: {}
[51.140525] (steer_closed_loop) StdoutLine: {'line': b'-- Configuring done\n'}
[51.199617] (-) TimerEvent: {}
[51.300591] (-) TimerEvent: {}
[51.403267] (-) TimerEvent: {}
[51.443435] (steer_closed_loop) StdoutLine: {'line': b'-- Generating done\n'}
[51.504149] (-) TimerEvent: {}
[51.541148] (steer_closed_loop) StdoutLine: {'line': b'-- Build files have been written to: /root/GZ_DiNiu/build/steer_closed_loop\n'}
[51.605435] (-) TimerEvent: {}
[51.747419] (-) TimerEvent: {}
[51.862532] (-) TimerEvent: {}
[51.997772] (-) TimerEvent: {}
[52.123991] (-) TimerEvent: {}
[52.260143] (-) TimerEvent: {}
[52.397770] (-) TimerEvent: {}
[52.532281] (-) TimerEvent: {}
[52.687334] (-) TimerEvent: {}
[52.832882] (-) TimerEvent: {}
[52.951574] (-) TimerEvent: {}
[53.083127] (-) TimerEvent: {}
[53.200312] (-) TimerEvent: {}
[53.354962] (-) TimerEvent: {}
[53.488505] (-) TimerEvent: {}
[53.524879] (steer_closed_loop) StdoutLine: {'line': b'\x1b[35m\x1b[1mConsolidate compiler generated dependencies of target steer_closed_loop_node\x1b[0m\n'}
[53.595107] (-) TimerEvent: {}
[53.772120] (-) TimerEvent: {}
[53.917771] (-) TimerEvent: {}
[54.056615] (-) TimerEvent: {}
[54.208128] (-) TimerEvent: {}
[54.309088] (-) TimerEvent: {}
[54.416980] (-) TimerEvent: {}
[54.517742] (-) TimerEvent: {}
[54.619112] (-) TimerEvent: {}
[54.682580] (steer_closed_loop) StdoutLine: {'line': b'[ 50%] \x1b[32mBuilding CXX object CMakeFiles/steer_closed_loop_node.dir/src/steer_closed_loop_node.cpp.o\x1b[0m\n'}
[54.721742] (-) TimerEvent: {}
[54.852503] (-) TimerEvent: {}
[54.981861] (-) TimerEvent: {}
[55.133842] (-) TimerEvent: {}
[55.279096] (-) TimerEvent: {}
[55.412406] (-) TimerEvent: {}
[55.551830] (-) TimerEvent: {}
[55.685473] (-) TimerEvent: {}
[55.835897] (-) TimerEvent: {}
[55.998211] (-) TimerEvent: {}
[56.133258] (-) TimerEvent: {}
[56.330942] (-) TimerEvent: {}
[56.454645] (-) TimerEvent: {}
[56.627899] (-) TimerEvent: {}
[56.782147] (-) TimerEvent: {}
[56.960307] (-) TimerEvent: {}
[57.147481] (-) TimerEvent: {}
[57.321945] (-) TimerEvent: {}
[57.544027] (-) TimerEvent: {}
[57.688115] (-) TimerEvent: {}
[57.792334] (-) TimerEvent: {}
[57.896930] (-) TimerEvent: {}
[57.998875] (-) TimerEvent: {}
[58.101223] (-) TimerEvent: {}
[58.207794] (-) TimerEvent: {}
[58.321762] (-) TimerEvent: {}
[58.431966] (-) TimerEvent: {}
[58.534457] (-) TimerEvent: {}
[58.635750] (-) TimerEvent: {}
[58.737148] (-) TimerEvent: {}
[58.838465] (-) TimerEvent: {}
[58.939753] (-) TimerEvent: {}
[59.040937] (-) TimerEvent: {}
[59.142128] (-) TimerEvent: {}
[59.244881] (-) TimerEvent: {}
[59.346150] (-) TimerEvent: {}
[59.447434] (-) TimerEvent: {}
[59.549733] (-) TimerEvent: {}
[59.653467] (-) TimerEvent: {}
[59.757195] (-) TimerEvent: {}
[59.860997] (-) TimerEvent: {}
[59.964250] (-) TimerEvent: {}
[60.068296] (-) TimerEvent: {}
[60.172677] (-) TimerEvent: {}
[60.277760] (-) TimerEvent: {}
[60.381027] (-) TimerEvent: {}
[60.484584] (-) TimerEvent: {}
[60.587375] (-) TimerEvent: {}
[60.690455] (-) TimerEvent: {}
[60.793872] (-) TimerEvent: {}
[60.896277] (-) TimerEvent: {}
[61.001940] (-) TimerEvent: {}
[61.104367] (-) TimerEvent: {}
[61.205807] (-) TimerEvent: {}
[61.307167] (-) TimerEvent: {}
[61.408488] (-) TimerEvent: {}
[61.509932] (-) TimerEvent: {}
[61.611346] (-) TimerEvent: {}
[61.712582] (-) TimerEvent: {}
[61.814749] (-) TimerEvent: {}
[61.916995] (-) TimerEvent: {}
[62.019274] (-) TimerEvent: {}
[62.121417] (-) TimerEvent: {}
[62.224503] (-) TimerEvent: {}
[62.326874] (-) TimerEvent: {}
[62.429229] (-) TimerEvent: {}
[62.531143] (-) TimerEvent: {}
[62.633449] (-) TimerEvent: {}
[62.739132] (-) TimerEvent: {}
[62.850821] (-) TimerEvent: {}
[62.959011] (-) TimerEvent: {}
[63.070382] (-) TimerEvent: {}
[63.177307] (-) TimerEvent: {}
[63.282756] (-) TimerEvent: {}
[63.386082] (-) TimerEvent: {}
[63.489056] (-) TimerEvent: {}
[63.592964] (-) TimerEvent: {}
[63.700553] (-) TimerEvent: {}
[63.809623] (-) TimerEvent: {}
[63.911354] (-) TimerEvent: {}
[64.012262] (-) TimerEvent: {}
[64.113229] (-) TimerEvent: {}
[64.214233] (-) TimerEvent: {}
[64.315517] (-) TimerEvent: {}
[64.416715] (-) TimerEvent: {}
[64.518177] (-) TimerEvent: {}
[64.621065] (-) TimerEvent: {}
[64.726661] (-) TimerEvent: {}
[64.829530] (-) TimerEvent: {}
[64.930924] (-) TimerEvent: {}
[65.032250] (-) TimerEvent: {}
[65.134028] (-) TimerEvent: {}
[65.235246] (-) TimerEvent: {}
[65.354492] (-) TimerEvent: {}
[65.501928] (-) TimerEvent: {}
[65.642584] (-) TimerEvent: {}
[65.783463] (-) TimerEvent: {}
[65.934438] (-) TimerEvent: {}
[66.112364] (-) TimerEvent: {}
[66.370749] (-) TimerEvent: {}
[66.569454] (-) TimerEvent: {}
[66.760554] (-) TimerEvent: {}
[66.929720] (-) TimerEvent: {}
[67.093156] (-) TimerEvent: {}
[67.253434] (-) TimerEvent: {}
[67.366728] (-) TimerEvent: {}
[67.473284] (-) TimerEvent: {}
[67.576230] (-) TimerEvent: {}
[67.680389] (-) TimerEvent: {}
[67.784083] (-) TimerEvent: {}
[67.885461] (-) TimerEvent: {}
[67.986294] (-) TimerEvent: {}
[68.088405] (-) TimerEvent: {}
[68.197099] (-) TimerEvent: {}
[68.300453] (-) TimerEvent: {}
[68.402972] (-) TimerEvent: {}
[68.503967] (-) TimerEvent: {}
[68.605273] (-) TimerEvent: {}
[68.706428] (-) TimerEvent: {}
[68.807350] (-) TimerEvent: {}
[68.908695] (-) TimerEvent: {}
[69.013666] (-) TimerEvent: {}
[69.122193] (-) TimerEvent: {}
[69.226051] (-) TimerEvent: {}
[69.330959] (-) TimerEvent: {}
[69.436180] (-) TimerEvent: {}
[69.541614] (-) TimerEvent: {}
[69.644413] (-) TimerEvent: {}
[69.749115] (-) TimerEvent: {}
[69.852948] (-) TimerEvent: {}
[69.955960] (-) TimerEvent: {}
[70.058664] (-) TimerEvent: {}
[70.160419] (-) TimerEvent: {}
[70.262760] (-) TimerEvent: {}
[70.366054] (-) TimerEvent: {}
[70.468306] (-) TimerEvent: {}
[70.570473] (-) TimerEvent: {}
[70.674157] (-) TimerEvent: {}
[70.778469] (-) TimerEvent: {}
[70.882258] (-) TimerEvent: {}
[70.985626] (-) TimerEvent: {}
[71.087225] (-) TimerEvent: {}
[71.189682] (-) TimerEvent: {}
[71.291976] (-) TimerEvent: {}
[71.395655] (-) TimerEvent: {}
[71.501211] (-) TimerEvent: {}
[71.604223] (-) TimerEvent: {}
[71.705499] (-) TimerEvent: {}
[71.806741] (-) TimerEvent: {}
[71.908046] (-) TimerEvent: {}
[72.009349] (-) TimerEvent: {}
[72.110595] (-) TimerEvent: {}
[72.212057] (-) TimerEvent: {}
[72.313394] (-) TimerEvent: {}
[72.415304] (-) TimerEvent: {}
[72.517268] (-) TimerEvent: {}
[72.619128] (-) TimerEvent: {}
[72.723805] (-) TimerEvent: {}
[72.826075] (-) TimerEvent: {}
[72.928434] (-) TimerEvent: {}
[73.030004] (-) TimerEvent: {}
[73.131445] (-) TimerEvent: {}
[73.232913] (-) TimerEvent: {}
[73.335083] (-) TimerEvent: {}
[73.437509] (-) TimerEvent: {}
[73.540678] (-) TimerEvent: {}
[73.643268] (-) TimerEvent: {}
[73.751321] (-) TimerEvent: {}
[73.854229] (-) TimerEvent: {}
[73.960686] (-) TimerEvent: {}
[74.062626] (-) TimerEvent: {}
[74.163547] (-) TimerEvent: {}
[74.266901] (-) TimerEvent: {}
[74.368631] (-) TimerEvent: {}
[74.470268] (-) TimerEvent: {}
[74.578259] (-) TimerEvent: {}
[74.680085] (-) TimerEvent: {}
[74.781742] (-) TimerEvent: {}
[74.883552] (-) TimerEvent: {}
[74.985994] (-) TimerEvent: {}
[75.088170] (-) TimerEvent: {}
[75.190845] (-) TimerEvent: {}
[75.293506] (-) TimerEvent: {}
[75.396072] (-) TimerEvent: {}
[75.499522] (-) TimerEvent: {}
[75.601012] (-) TimerEvent: {}
[75.704450] (-) TimerEvent: {}
[75.806367] (-) TimerEvent: {}
[75.909361] (-) TimerEvent: {}
[76.013146] (-) TimerEvent: {}
[76.125055] (-) TimerEvent: {}
[76.226140] (-) TimerEvent: {}
[76.334442] (-) TimerEvent: {}
[76.436603] (-) TimerEvent: {}
[76.539602] (-) TimerEvent: {}
[76.641520] (-) TimerEvent: {}
[76.743837] (-) TimerEvent: {}
[76.847427] (-) TimerEvent: {}
[76.951726] (-) TimerEvent: {}
[77.059173] (-) TimerEvent: {}
[77.161487] (-) TimerEvent: {}
[77.266110] (-) TimerEvent: {}
[77.368302] (-) TimerEvent: {}
[77.475685] (-) TimerEvent: {}
[77.577867] (-) TimerEvent: {}
[77.680738] (-) TimerEvent: {}
[77.783443] (-) TimerEvent: {}
[77.886085] (-) TimerEvent: {}
[77.988272] (-) TimerEvent: {}
[78.090539] (-) TimerEvent: {}
[78.192975] (-) TimerEvent: {}
[78.295510] (-) TimerEvent: {}
[78.399011] (-) TimerEvent: {}
[78.503463] (-) TimerEvent: {}
[78.609237] (-) TimerEvent: {}
[78.715665] (-) TimerEvent: {}
[78.818418] (-) TimerEvent: {}
[78.921015] (-) TimerEvent: {}
[79.033971] (-) TimerEvent: {}
[79.139983] (-) TimerEvent: {}
[79.246816] (-) TimerEvent: {}
[79.353360] (-) TimerEvent: {}
[79.458051] (-) TimerEvent: {}
[79.559310] (-) TimerEvent: {}
[79.662738] (-) TimerEvent: {}
[79.770372] (-) TimerEvent: {}
[79.873558] (-) TimerEvent: {}
[79.976412] (-) TimerEvent: {}
[80.078302] (-) TimerEvent: {}
[80.180596] (-) TimerEvent: {}
[80.283188] (-) TimerEvent: {}
[80.391893] (-) TimerEvent: {}
[80.498348] (-) TimerEvent: {}
[80.602657] (-) TimerEvent: {}
[80.709852] (-) TimerEvent: {}
[80.813010] (-) TimerEvent: {}
[80.914730] (-) TimerEvent: {}
[81.017218] (-) TimerEvent: {}
[81.118834] (-) TimerEvent: {}
[81.220243] (-) TimerEvent: {}
[81.321643] (-) TimerEvent: {}
[81.423114] (-) TimerEvent: {}
[81.529179] (-) TimerEvent: {}
[81.631608] (-) TimerEvent: {}
[81.734544] (-) TimerEvent: {}
[81.837433] (-) TimerEvent: {}
[81.940582] (-) TimerEvent: {}
[82.041764] (-) TimerEvent: {}
[82.147266] (-) TimerEvent: {}
[82.253016] (-) TimerEvent: {}
[82.356386] (-) TimerEvent: {}
[82.460492] (-) TimerEvent: {}
[82.563281] (-) TimerEvent: {}
[82.670062] (-) TimerEvent: {}
[82.772628] (-) TimerEvent: {}
[82.874615] (-) TimerEvent: {}
[82.977529] (-) TimerEvent: {}
[83.079739] (-) TimerEvent: {}
[83.186406] (-) TimerEvent: {}
[83.289383] (-) TimerEvent: {}
[83.393022] (-) TimerEvent: {}
[83.510062] (-) TimerEvent: {}
[83.611361] (-) TimerEvent: {}
[83.718091] (-) TimerEvent: {}
[83.822313] (-) TimerEvent: {}
[83.925022] (-) TimerEvent: {}
[84.026280] (-) TimerEvent: {}
[84.129114] (-) TimerEvent: {}
[84.230631] (-) TimerEvent: {}
[84.333879] (-) TimerEvent: {}
[84.434860] (-) TimerEvent: {}
[84.536272] (-) TimerEvent: {}
[84.639209] (-) TimerEvent: {}
[84.740447] (-) TimerEvent: {}
[84.843116] (-) TimerEvent: {}
[84.946408] (-) TimerEvent: {}
[85.049128] (-) TimerEvent: {}
[85.150011] (-) TimerEvent: {}
[85.253632] (-) TimerEvent: {}
[85.356086] (-) TimerEvent: {}
[85.458648] (-) TimerEvent: {}
[85.559822] (-) TimerEvent: {}
[85.663114] (-) TimerEvent: {}
[85.765452] (-) TimerEvent: {}
[85.868286] (-) TimerEvent: {}
[85.972696] (-) TimerEvent: {}
[86.075492] (-) TimerEvent: {}
[86.176707] (-) TimerEvent: {}
[86.278196] (-) TimerEvent: {}
[86.381391] (-) TimerEvent: {}
[86.490890] (-) TimerEvent: {}
[86.594030] (-) TimerEvent: {}
[86.696172] (-) TimerEvent: {}
[86.810250] (-) TimerEvent: {}
[86.911838] (-) TimerEvent: {}
[87.013556] (-) TimerEvent: {}
[87.124988] (-) TimerEvent: {}
[87.228552] (-) TimerEvent: {}
[87.335917] (-) TimerEvent: {}
[87.442164] (-) TimerEvent: {}
[87.548244] (-) TimerEvent: {}
[87.655205] (-) TimerEvent: {}
[87.763326] (-) TimerEvent: {}
[87.870548] (-) TimerEvent: {}
[87.976351] (-) TimerEvent: {}
[88.079714] (-) TimerEvent: {}
[88.182924] (-) TimerEvent: {}
[88.283917] (-) TimerEvent: {}
[88.385833] (-) TimerEvent: {}
[88.490413] (-) TimerEvent: {}
[88.595425] (-) TimerEvent: {}
[88.704020] (-) TimerEvent: {}
[88.807499] (-) TimerEvent: {}
[88.913598] (-) TimerEvent: {}
[89.020072] (-) TimerEvent: {}
[89.127211] (-) TimerEvent: {}
[89.231878] (-) TimerEvent: {}
[89.332900] (-) TimerEvent: {}
[89.433838] (-) TimerEvent: {}
[89.537726] (-) TimerEvent: {}
[89.640927] (-) TimerEvent: {}
[89.743881] (-) TimerEvent: {}
[89.851313] (-) TimerEvent: {}
[89.956577] (-) TimerEvent: {}
[90.063981] (-) TimerEvent: {}
[90.169585] (-) TimerEvent: {}
[90.273638] (-) TimerEvent: {}
[90.378444] (-) TimerEvent: {}
[90.482045] (-) TimerEvent: {}
[90.587028] (-) TimerEvent: {}
[90.691624] (-) TimerEvent: {}
[90.797053] (-) TimerEvent: {}
[90.899716] (-) TimerEvent: {}
[91.007779] (-) TimerEvent: {}
[91.110065] (-) TimerEvent: {}
[91.215940] (-) TimerEvent: {}
[91.319776] (-) TimerEvent: {}
[91.421840] (-) TimerEvent: {}
[91.534228] (-) TimerEvent: {}
[91.638606] (-) TimerEvent: {}
[91.741061] (-) TimerEvent: {}
[91.847385] (-) TimerEvent: {}
[91.949696] (-) TimerEvent: {}
[92.057085] (-) TimerEvent: {}
[92.159375] (-) TimerEvent: {}
[92.261970] (-) TimerEvent: {}
[92.365057] (-) TimerEvent: {}
[92.468459] (-) TimerEvent: {}
[92.569376] (-) TimerEvent: {}
[92.677036] (-) TimerEvent: {}
[92.779637] (-) TimerEvent: {}
[92.882276] (-) TimerEvent: {}
[92.988240] (-) TimerEvent: {}
[93.097443] (-) TimerEvent: {}
[93.200778] (-) TimerEvent: {}
[93.310067] (-) TimerEvent: {}
[93.412500] (-) TimerEvent: {}
[93.514287] (-) TimerEvent: {}
[93.621902] (-) TimerEvent: {}
[93.733484] (-) TimerEvent: {}
[93.840276] (-) TimerEvent: {}
[93.944048] (-) TimerEvent: {}
[94.049505] (-) TimerEvent: {}
[94.162842] (-) TimerEvent: {}
[94.265142] (-) TimerEvent: {}
[94.367850] (-) TimerEvent: {}
[94.472501] (-) TimerEvent: {}
[94.576002] (-) TimerEvent: {}
[94.680467] (-) TimerEvent: {}
[94.785385] (-) TimerEvent: {}
[94.891346] (-) TimerEvent: {}
[94.992704] (-) TimerEvent: {}
[95.096052] (-) TimerEvent: {}
[95.203129] (-) TimerEvent: {}
[95.311614] (-) TimerEvent: {}
[95.423693] (-) TimerEvent: {}
[95.530937] (-) TimerEvent: {}
[95.638910] (-) TimerEvent: {}
[95.740513] (-) TimerEvent: {}
[95.841380] (-) TimerEvent: {}
[95.942966] (-) TimerEvent: {}
[96.046382] (-) TimerEvent: {}
[96.148810] (-) TimerEvent: {}
[96.250147] (-) TimerEvent: {}
[96.351970] (-) TimerEvent: {}
[96.454721] (-) TimerEvent: {}
[96.556480] (-) TimerEvent: {}
[96.658987] (-) TimerEvent: {}
[96.759822] (-) TimerEvent: {}
[96.863211] (-) TimerEvent: {}
[96.971687] (-) TimerEvent: {}
[97.075761] (-) TimerEvent: {}
[97.181956] (-) TimerEvent: {}
[97.286035] (-) TimerEvent: {}
[97.386950] (-) TimerEvent: {}
[97.493601] (-) TimerEvent: {}
[97.594695] (-) TimerEvent: {}
[97.697348] (-) TimerEvent: {}
[97.798379] (-) TimerEvent: {}
[97.899739] (-) TimerEvent: {}
[98.001059] (-) TimerEvent: {}
[98.102680] (-) TimerEvent: {}
[98.204128] (-) TimerEvent: {}
[98.305759] (-) TimerEvent: {}
[98.407276] (-) TimerEvent: {}
[98.514073] (-) TimerEvent: {}
[98.621814] (-) TimerEvent: {}
[98.733781] (-) TimerEvent: {}
[98.848236] (-) TimerEvent: {}
[98.951625] (-) TimerEvent: {}
[99.052871] (-) TimerEvent: {}
[99.159377] (-) TimerEvent: {}
[99.261153] (-) TimerEvent: {}
[99.363681] (-) TimerEvent: {}
[99.467400] (-) TimerEvent: {}
[99.569965] (-) TimerEvent: {}
[99.674907] (-) TimerEvent: {}
[99.780456] (-) TimerEvent: {}
[99.889051] (-) TimerEvent: {}
[99.993080] (-) TimerEvent: {}
[100.099416] (-) TimerEvent: {}
[100.205158] (-) TimerEvent: {}
[100.313502] (-) TimerEvent: {}
[100.414732] (-) TimerEvent: {}
[100.529068] (-) TimerEvent: {}
[100.644436] (-) TimerEvent: {}
[100.745745] (-) TimerEvent: {}
[100.859257] (-) TimerEvent: {}
[100.969125] (-) TimerEvent: {}
[101.078576] (-) TimerEvent: {}
[101.185235] (-) TimerEvent: {}
[101.301297] (-) TimerEvent: {}
[101.415995] (-) TimerEvent: {}
[101.529374] (-) TimerEvent: {}
[101.630650] (-) TimerEvent: {}
[101.738032] (-) TimerEvent: {}
[101.839188] (-) TimerEvent: {}
[101.951626] (-) TimerEvent: {}
[102.052865] (-) TimerEvent: {}
[102.153985] (-) TimerEvent: {}
[102.272765] (-) TimerEvent: {}
[102.375596] (-) TimerEvent: {}
[102.481261] (-) TimerEvent: {}
[102.972275] (-) TimerEvent: {}
[103.097883] (-) TimerEvent: {}
[103.200028] (-) TimerEvent: {}
[103.321124] (-) TimerEvent: {}
[103.425313] (-) TimerEvent: {}
[103.528811] (-) TimerEvent: {}
[103.639270] (-) TimerEvent: {}
[103.745071] (-) TimerEvent: {}
[103.850797] (-) TimerEvent: {}
[103.961613] (-) TimerEvent: {}
[104.070094] (-) TimerEvent: {}
[104.173168] (-) TimerEvent: {}
[104.284087] (-) TimerEvent: {}
[104.397176] (-) TimerEvent: {}
[104.508671] (-) TimerEvent: {}
[104.617029] (-) TimerEvent: {}
[104.734481] (-) TimerEvent: {}
[104.836485] (-) TimerEvent: {}
[104.937557] (-) TimerEvent: {}
[105.050889] (-) TimerEvent: {}
[105.164594] (-) TimerEvent: {}
[105.272579] (-) TimerEvent: {}
[105.380049] (-) TimerEvent: {}
[105.484247] (-) TimerEvent: {}
[105.599043] (-) TimerEvent: {}
[105.703362] (-) TimerEvent: {}
[105.808915] (-) TimerEvent: {}
[105.915105] (-) TimerEvent: {}
[106.029022] (-) TimerEvent: {}
[106.133920] (-) TimerEvent: {}
[106.249185] (-) TimerEvent: {}
[106.352338] (-) TimerEvent: {}
[106.459413] (-) TimerEvent: {}
[106.573051] (-) TimerEvent: {}
[106.676300] (-) TimerEvent: {}
[106.783992] (-) TimerEvent: {}
[106.887540] (-) TimerEvent: {}
[106.992545] (-) TimerEvent: {}
[107.105246] (-) TimerEvent: {}
[107.206569] (-) TimerEvent: {}
[107.318481] (-) TimerEvent: {}
[107.429341] (-) TimerEvent: {}
[107.540365] (-) TimerEvent: {}
[107.656738] (-) TimerEvent: {}
[107.770849] (-) TimerEvent: {}
[107.873956] (-) TimerEvent: {}
[107.981327] (-) TimerEvent: {}
[108.085381] (-) TimerEvent: {}
[108.186823] (-) TimerEvent: {}
[108.293347] (-) TimerEvent: {}
[108.404496] (-) TimerEvent: {}
[108.509945] (-) TimerEvent: {}
[108.616768] (-) TimerEvent: {}
[108.720070] (-) TimerEvent: {}
[108.829815] (-) TimerEvent: {}
[108.940335] (-) TimerEvent: {}
[109.053072] (-) TimerEvent: {}
[109.161168] (-) TimerEvent: {}
[109.271143] (-) TimerEvent: {}
[109.373844] (-) TimerEvent: {}
[109.486684] (-) TimerEvent: {}
[109.589148] (-) TimerEvent: {}
[109.694207] (-) TimerEvent: {}
[109.806278] (-) TimerEvent: {}
[109.911165] (-) TimerEvent: {}
[110.012652] (-) TimerEvent: {}
[110.113714] (-) TimerEvent: {}
[110.215054] (-) TimerEvent: {}
[110.316019] (-) TimerEvent: {}
[110.417549] (-) TimerEvent: {}
[110.519791] (-) TimerEvent: {}
[110.625127] (-) TimerEvent: {}
[110.726596] (-) TimerEvent: {}
[110.827414] (-) TimerEvent: {}
[110.939535] (-) TimerEvent: {}
[111.040870] (-) TimerEvent: {}
[111.146811] (-) TimerEvent: {}
[111.249462] (-) TimerEvent: {}
[111.357255] (-) TimerEvent: {}
[111.458753] (-) TimerEvent: {}
[111.574039] (-) TimerEvent: {}
[111.679459] (-) TimerEvent: {}
[111.803865] (-) TimerEvent: {}
[111.987097] (-) TimerEvent: {}
[112.307558] (-) TimerEvent: {}
[112.431396] (-) TimerEvent: {}
[112.533095] (-) TimerEvent: {}
[112.634719] (-) TimerEvent: {}
[112.736297] (-) TimerEvent: {}
[112.841459] (-) TimerEvent: {}
[112.943364] (-) TimerEvent: {}
[113.045392] (-) TimerEvent: {}
[113.151742] (-) TimerEvent: {}
[113.254150] (-) TimerEvent: {}
[113.355795] (-) TimerEvent: {}
[113.457684] (-) TimerEvent: {}
[113.558899] (-) TimerEvent: {}
[113.660100] (-) TimerEvent: {}
[113.761832] (-) TimerEvent: {}
[113.863442] (-) TimerEvent: {}
[113.964658] (-) TimerEvent: {}
[114.104796] (-) TimerEvent: {}
[114.311974] (-) TimerEvent: {}
[114.530025] (-) TimerEvent: {}
[114.731144] (-) TimerEvent: {}
[114.944702] (-) TimerEvent: {}
[115.183418] (-) TimerEvent: {}
[115.417663] (-) TimerEvent: {}
[115.559825] (-) TimerEvent: {}
[115.664437] (-) TimerEvent: {}
[115.778332] (-) TimerEvent: {}
[115.879939] (-) TimerEvent: {}
[115.990370] (-) TimerEvent: {}
[116.092289] (-) TimerEvent: {}
[116.196915] (-) TimerEvent: {}
[116.298048] (-) TimerEvent: {}
[116.399866] (-) TimerEvent: {}
[116.508305] (-) TimerEvent: {}
[116.612601] (-) TimerEvent: {}
[116.714826] (-) TimerEvent: {}
[116.816636] (-) TimerEvent: {}
[116.917938] (-) TimerEvent: {}
[117.019211] (-) TimerEvent: {}
[117.123083] (-) TimerEvent: {}
[117.232435] (-) TimerEvent: {}
[117.335325] (-) TimerEvent: {}
[117.436144] (-) TimerEvent: {}
[117.544182] (-) TimerEvent: {}
[117.649567] (-) TimerEvent: {}
[117.755887] (-) TimerEvent: {}
[117.857782] (-) TimerEvent: {}
[117.959605] (-) TimerEvent: {}
[118.070313] (-) TimerEvent: {}
[118.172216] (-) TimerEvent: {}
[118.274562] (-) TimerEvent: {}
[118.376519] (-) TimerEvent: {}
[118.478659] (-) TimerEvent: {}
[118.583819] (-) TimerEvent: {}
[118.689586] (-) TimerEvent: {}
[118.791531] (-) TimerEvent: {}
[118.893837] (-) TimerEvent: {}
[118.996303] (-) TimerEvent: {}
[119.098081] (-) TimerEvent: {}
[119.204639] (-) TimerEvent: {}
[119.309931] (-) TimerEvent: {}
[119.411608] (-) TimerEvent: {}
[119.513494] (-) TimerEvent: {}
[119.617207] (-) TimerEvent: {}
[119.735722] (-) TimerEvent: {}
[119.885695] (-) TimerEvent: {}
[120.012148] (-) TimerEvent: {}
[120.113191] (-) TimerEvent: {}
[120.216558] (-) TimerEvent: {}
[120.319104] (-) TimerEvent: {}
[120.423857] (-) TimerEvent: {}
[120.527346] (-) TimerEvent: {}
[120.630748] (-) TimerEvent: {}
[120.733366] (-) TimerEvent: {}
[120.835664] (-) TimerEvent: {}
[120.938049] (-) TimerEvent: {}
[121.041409] (-) TimerEvent: {}
[121.146532] (-) TimerEvent: {}
[121.249482] (-) TimerEvent: {}
[121.352686] (-) TimerEvent: {}
[121.456665] (-) TimerEvent: {}
[121.559251] (-) TimerEvent: {}
[121.663025] (-) TimerEvent: {}
[121.766825] (-) TimerEvent: {}
[121.872762] (-) TimerEvent: {}
[121.975868] (-) TimerEvent: {}
[122.077346] (-) TimerEvent: {}
[122.180657] (-) TimerEvent: {}
[122.285071] (-) TimerEvent: {}
[122.386669] (-) TimerEvent: {}
[122.490073] (-) TimerEvent: {}
[122.593534] (-) TimerEvent: {}
[122.695983] (-) TimerEvent: {}
[122.801249] (-) TimerEvent: {}
[122.905932] (-) TimerEvent: {}
[123.011038] (-) TimerEvent: {}
[123.114174] (-) TimerEvent: {}
[123.218752] (-) TimerEvent: {}
[123.323896] (-) TimerEvent: {}
[123.426990] (-) TimerEvent: {}
[123.530578] (-) TimerEvent: {}
[123.635745] (-) TimerEvent: {}
[123.739457] (-) TimerEvent: {}
[123.843923] (-) TimerEvent: {}
[123.951582] (-) TimerEvent: {}
[124.055268] (-) TimerEvent: {}
[124.160580] (-) TimerEvent: {}
[124.267912] (-) TimerEvent: {}
[124.372460] (-) TimerEvent: {}
[124.476476] (-) TimerEvent: {}
[124.580757] (-) TimerEvent: {}
[124.684980] (-) TimerEvent: {}
[124.788626] (-) TimerEvent: {}
[124.893063] (-) TimerEvent: {}
[124.999630] (-) TimerEvent: {}
[125.103107] (-) TimerEvent: {}
[125.206363] (-) TimerEvent: {}
[125.310834] (-) TimerEvent: {}
[125.414455] (-) TimerEvent: {}
[125.517990] (-) TimerEvent: {}
[125.620914] (-) TimerEvent: {}
[125.724354] (-) TimerEvent: {}
[125.828314] (-) TimerEvent: {}
[125.930975] (-) TimerEvent: {}
[126.034437] (-) TimerEvent: {}
[126.137062] (-) TimerEvent: {}
[126.240595] (-) TimerEvent: {}
[126.343490] (-) TimerEvent: {}
[126.444858] (-) TimerEvent: {}
[126.549778] (-) TimerEvent: {}
[126.652589] (-) TimerEvent: {}
[126.755125] (-) TimerEvent: {}
[126.859419] (-) TimerEvent: {}
[126.963281] (-) TimerEvent: {}
[127.067048] (-) TimerEvent: {}
[127.171682] (-) TimerEvent: {}
[127.272758] (-) TimerEvent: {}
[127.375112] (-) TimerEvent: {}
[127.476894] (-) TimerEvent: {}
[127.579336] (-) TimerEvent: {}
[127.680730] (-) TimerEvent: {}
[127.783959] (-) TimerEvent: {}
[127.886557] (-) TimerEvent: {}
[127.989058] (-) TimerEvent: {}
[128.090654] (-) TimerEvent: {}
[128.193983] (-) TimerEvent: {}
[128.299003] (-) TimerEvent: {}
[128.402754] (-) TimerEvent: {}
[128.508568] (-) TimerEvent: {}
[128.613855] (-) TimerEvent: {}
[128.717296] (-) TimerEvent: {}
[128.821971] (-) TimerEvent: {}
[128.927940] (-) TimerEvent: {}
[129.032462] (-) TimerEvent: {}
[129.135928] (-) TimerEvent: {}
[129.240076] (-) TimerEvent: {}
[129.343128] (-) TimerEvent: {}
[129.450537] (-) TimerEvent: {}
[129.554260] (-) TimerEvent: {}
[129.658470] (-) TimerEvent: {}
[129.762614] (-) TimerEvent: {}
[129.863512] (-) TimerEvent: {}
[129.965028] (-) TimerEvent: {}
[130.066074] (-) TimerEvent: {}
[130.167001] (-) TimerEvent: {}
[130.268562] (-) TimerEvent: {}
[130.371689] (-) TimerEvent: {}
[130.472477] (-) TimerEvent: {}
[130.579303] (-) TimerEvent: {}
[130.681978] (-) TimerEvent: {}
[130.786273] (-) TimerEvent: {}
[130.889040] (-) TimerEvent: {}
[130.992495] (-) TimerEvent: {}
[131.098328] (-) TimerEvent: {}
[131.201794] (-) TimerEvent: {}
[131.302773] (-) TimerEvent: {}
[131.404072] (-) TimerEvent: {}
[131.505526] (-) TimerEvent: {}
[131.606655] (-) TimerEvent: {}
[131.707979] (-) TimerEvent: {}
[131.809333] (-) TimerEvent: {}
[131.910629] (-) TimerEvent: {}
[132.011914] (-) TimerEvent: {}
[132.113183] (-) TimerEvent: {}
[132.214638] (-) TimerEvent: {}
[132.316372] (-) TimerEvent: {}
[132.417251] (-) TimerEvent: {}
[132.518251] (-) TimerEvent: {}
[132.619933] (-) TimerEvent: {}
[132.721094] (-) TimerEvent: {}
[132.822315] (-) TimerEvent: {}
[132.923481] (-) TimerEvent: {}
[133.033374] (-) TimerEvent: {}
[133.134894] (-) TimerEvent: {}
[133.237381] (-) TimerEvent: {}
[133.339531] (-) TimerEvent: {}
[133.441796] (-) TimerEvent: {}
[133.499453] (encoder_vel) StdoutLine: {'line': b'[100%] \x1b[32m\x1b[1mLinking CXX executable encoder_vel_node\x1b[0m\n'}
[133.541957] (-) TimerEvent: {}
[133.644652] (-) TimerEvent: {}
[133.746665] (-) TimerEvent: {}
[133.849356] (-) TimerEvent: {}
[133.953166] (-) TimerEvent: {}
[134.055376] (-) TimerEvent: {}
[134.157054] (-) TimerEvent: {}
[134.258712] (-) TimerEvent: {}
[134.360684] (-) TimerEvent: {}
[134.467418] (-) TimerEvent: {}
[134.571821] (-) TimerEvent: {}
[134.674016] (-) TimerEvent: {}
[134.780986] (-) TimerEvent: {}
[134.885614] (-) TimerEvent: {}
[134.992320] (-) TimerEvent: {}
[135.093567] (-) TimerEvent: {}
[135.197721] (-) TimerEvent: {}
[135.304245] (-) TimerEvent: {}
[135.406788] (-) TimerEvent: {}
[135.510632] (-) TimerEvent: {}
[135.614001] (-) TimerEvent: {}
[135.720142] (-) TimerEvent: {}
[135.826881] (-) TimerEvent: {}
[135.928250] (-) TimerEvent: {}
[136.029448] (-) TimerEvent: {}
[136.130424] (-) TimerEvent: {}
[136.231210] (-) TimerEvent: {}
[136.332740] (-) TimerEvent: {}
[136.433533] (-) TimerEvent: {}
[136.535618] (-) TimerEvent: {}
[136.647974] (-) TimerEvent: {}
[136.751900] (-) TimerEvent: {}
[136.860020] (-) TimerEvent: {}
[136.967664] (-) TimerEvent: {}
[137.072978] (-) TimerEvent: {}
[137.176793] (-) TimerEvent: {}
[137.288727] (-) TimerEvent: {}
[137.396142] (-) TimerEvent: {}
[137.500281] (-) TimerEvent: {}
[137.612136] (-) TimerEvent: {}
[137.713162] (-) TimerEvent: {}
[137.814293] (-) TimerEvent: {}
[137.924257] (-) TimerEvent: {}
[138.049296] (-) TimerEvent: {}
[138.154970] (-) TimerEvent: {}
[138.257203] (-) TimerEvent: {}
[138.361554] (-) TimerEvent: {}
[138.466882] (-) TimerEvent: {}
[138.570665] (-) TimerEvent: {}
[138.672353] (-) TimerEvent: {}
[138.774366] (-) TimerEvent: {}
[138.876321] (-) TimerEvent: {}
[138.984596] (-) TimerEvent: {}
[139.088663] (-) TimerEvent: {}
[139.190002] (-) TimerEvent: {}
[139.291475] (-) TimerEvent: {}
[139.394882] (-) TimerEvent: {}
[139.496280] (-) TimerEvent: {}
[139.597867] (-) TimerEvent: {}
[139.699120] (-) TimerEvent: {}
[139.804630] (-) TimerEvent: {}
[139.909166] (-) TimerEvent: {}
[140.010268] (-) TimerEvent: {}
[140.111385] (-) TimerEvent: {}
[140.213464] (-) TimerEvent: {}
[140.316473] (-) TimerEvent: {}
[140.417863] (-) TimerEvent: {}
[140.528843] (-) TimerEvent: {}
[140.632373] (-) TimerEvent: {}
[140.736677] (-) TimerEvent: {}
[140.838541] (-) TimerEvent: {}
[140.943267] (-) TimerEvent: {}
[141.051946] (-) TimerEvent: {}
[141.153846] (-) TimerEvent: {}
[141.263643] (-) TimerEvent: {}
[141.367644] (-) TimerEvent: {}
[141.469452] (-) TimerEvent: {}
[141.582913] (-) TimerEvent: {}
[141.685165] (-) TimerEvent: {}
[141.790955] (-) TimerEvent: {}
[141.893333] (-) TimerEvent: {}
[141.995542] (-) TimerEvent: {}
[142.097478] (-) TimerEvent: {}
[142.202993] (-) TimerEvent: {}
[142.304783] (-) TimerEvent: {}
[142.410745] (-) TimerEvent: {}
[142.512605] (-) TimerEvent: {}
[142.615956] (-) TimerEvent: {}
[142.716749] (-) TimerEvent: {}
[142.820723] (-) TimerEvent: {}
[142.924100] (-) TimerEvent: {}
[143.027985] (-) TimerEvent: {}
[143.130415] (-) TimerEvent: {}
[143.231997] (-) TimerEvent: {}
[143.334222] (-) TimerEvent: {}
[143.436093] (-) TimerEvent: {}
[143.551371] (-) TimerEvent: {}
[143.652645] (-) TimerEvent: {}
[143.758640] (-) TimerEvent: {}
[143.866139] (-) TimerEvent: {}
[143.974009] (-) TimerEvent: {}
[144.075883] (-) TimerEvent: {}
[144.177722] (-) TimerEvent: {}
[144.284280] (-) TimerEvent: {}
[144.396318] (-) TimerEvent: {}
[144.497930] (-) TimerEvent: {}
[144.603834] (-) TimerEvent: {}
[144.705259] (-) TimerEvent: {}
[144.768381] (encoder_vel) StdoutLine: {'line': b'[100%] Built target encoder_vel_node\n'}
[144.808130] (-) TimerEvent: {}
[144.911361] (-) TimerEvent: {}
[144.951494] (encoder_vel) CommandEnded: {'returncode': 0}
[144.979177] (encoder_vel) JobProgress: {'identifier': 'encoder_vel', 'progress': 'install'}
[145.011834] (-) TimerEvent: {}
[145.118428] (-) TimerEvent: {}
[145.130035] (encoder_vel) Command: {'cmd': ['/usr/bin/cmake', '--install', '/root/GZ_DiNiu/build/encoder_vel'], 'cwd': '/root/GZ_DiNiu/build/encoder_vel', 'env': OrderedDict([('PYTHON_BASIC_REPL', '1'), ('LESSOPEN', '| /usr/bin/lesspipe %s'), ('LANGUAGE', 'zh_CN:zh'), ('USER', 'root'), ('SSH_CLIENT', '192.168.1.25 42870 22'), ('XDG_SESSION_TYPE', 'tty'), ('GIT_ASKPASS', '/root/.vscode-server/cli/servers/Stable-072586267e68ece9a47aa43f8c108e0dcbf44622/server/extensions/git/dist/askpass.sh'), ('SHLVL', '2'), ('LD_LIBRARY_PATH', '/opt/ros/humble/opt/rviz_ogre_vendor/lib:/opt/ros/humble/lib/aarch64-linux-gnu:/opt/ros/humble/lib'), ('BROWSER', '/root/.vscode-server/cli/servers/Stable-072586267e68ece9a47aa43f8c108e0dcbf44622/server/bin/helpers/browser.sh'), ('MOTD_SHOWN', 'pam'), ('HOME', '/root'), ('TERM_PROGRAM_VERSION', '1.109.5'), ('VSCODE_IPC_HOOK_CLI', '/run/user/0/vscode-ipc-7df1a358-fa73-439d-ad89-adf667160caf.sock'), ('ROS_PYTHON_VERSION', '3'), ('VSCODE_GIT_ASKPASS_MAIN', '/root/.vscode-server/cli/servers/Stable-072586267e68ece9a47aa43f8c108e0dcbf44622/server/extensions/git/dist/askpass-main.js'), ('VSCODE_GIT_ASKPASS_NODE', '/root/.vscode-server/cli/servers/Stable-072586267e68ece9a47aa43f8c108e0dcbf44622/server/node'), ('SSL_CERT_FILE', '/usr/lib/ssl/certs/ca-certificates.crt'), ('PYDEVD_DISABLE_FILE_VALIDATION', '1'), ('BUNDLED_DEBUGPY_PATH', '/root/.vscode-server/extensions/ms-python.debugpy-2025.18.0/bundled/libs/debugpy'), ('VSCODE_PYTHON_AUTOACTIVATE_GUARD', '1'), ('DBUS_SESSION_BUS_ADDRESS', 'unix:path=/run/user/0/bus'), ('COLORTERM', 'truecolor'), ('DEBUGINFOD_URLS', ''), ('COLCON_PREFIX_PATH', '/root/GZ_DiNiu/install'), ('ROS_DISTRO', 'humble'), ('LOGNAME', 'root'), ('_', '/usr/bin/colcon'), ('ROS_VERSION', '2'), ('XDG_SESSION_CLASS', 'user'), ('TERM', 'xterm-256color'), ('XDG_SESSION_ID', '2'), ('ROS_LOCALHOST_ONLY', '0'), ('PATH', '/root/.vscode-server/cli/servers/Stable-072586267e68ece9a47aa43f8c108e0dcbf44622/server/bin/remote-cli:/opt/ros/humble/bin:/usr/local/sbin:/usr/local/bin:/usr/sbin:/usr/bin:/sbin:/bin:/usr/games:/usr/local/games:/snap/bin:/root/.vscode-server/extensions/ms-python.debugpy-2025.18.0/bundled/scripts/noConfigScripts'), ('XDG_RUNTIME_DIR', '/run/user/0'), ('SSL_CERT_DIR', '/usr/lib/ssl/certs'), ('VSCODE_DEBUGPY_ADAPTER_ENDPOINTS', '/root/.vscode-server/extensions/ms-python.debugpy-2025.18.0/.noConfigDebugAdapterEndpoints/endpoint-e8455e4bc5ae7857.txt'), ('LANG', 'zh_CN.UTF-8'), ('PYTHONSTARTUP', '/root/.vscode-server/data/User/workspaceStorage/7df28b463ac56098d5ed4f2c8d434cf2/ms-python.python/pythonrc.py'), ('LS_COLORS', 'rs=0:di=01;34:ln=01;36:mh=00:pi=40;33:so=01;35:do=01;35:bd=40;33;01:cd=40;33;01:or=40;31;01:mi=00:su=37;41:sg=30;43:ca=30;41:tw=30;42:ow=34;42:st=37;44:ex=01;32:*.tar=01;31:*.tgz=01;31:*.arc=01;31:*.arj=01;31:*.taz=01;31:*.lha=01;31:*.lz4=01;31:*.lzh=01;31:*.lzma=01;31:*.tlz=01;31:*.txz=01;31:*.tzo=01;31:*.t7z=01;31:*.zip=01;31:*.z=01;31:*.dz=01;31:*.gz=01;31:*.lrz=01;31:*.lz=01;31:*.lzo=01;31:*.xz=01;31:*.zst=01;31:*.tzst=01;31:*.bz2=01;31:*.bz=01;31:*.tbz=01;31:*.tbz2=01;31:*.tz=01;31:*.deb=01;31:*.rpm=01;31:*.jar=01;31:*.war=01;31:*.ear=01;31:*.sar=01;31:*.rar=01;31:*.alz=01;31:*.ace=01;31:*.zoo=01;31:*.cpio=01;31:*.7z=01;31:*.rz=01;31:*.cab=01;31:*.wim=01;31:*.swm=01;31:*.dwm=01;31:*.esd=01;31:*.jpg=01;35:*.jpeg=01;35:*.mjpg=01;35:*.mjpeg=01;35:*.gif=01;35:*.bmp=01;35:*.pbm=01;35:*.pgm=01;35:*.ppm=01;35:*.tga=01;35:*.xbm=01;35:*.xpm=01;35:*.tif=01;35:*.tiff=01;35:*.png=01;35:*.svg=01;35:*.svgz=01;35:*.mng=01;35:*.pcx=01;35:*.mov=01;35:*.mpg=01;35:*.mpeg=01;35:*.m2v=01;35:*.mkv=01;35:*.webm=01;35:*.webp=01;35:*.ogm=01;35:*.mp4=01;35:*.m4v=01;35:*.mp4v=01;35:*.vob=01;35:*.qt=01;35:*.nuv=01;35:*.wmv=01;35:*.asf=01;35:*.rm=01;35:*.rmvb=01;35:*.flc=01;35:*.avi=01;35:*.fli=01;35:*.flv=01;35:*.gl=01;35:*.dl=01;35:*.xcf=01;35:*.xwd=01;35:*.yuv=01;35:*.cgm=01;35:*.emf=01;35:*.ogv=01;35:*.ogx=01;35:*.aac=00;36:*.au=00;36:*.flac=00;36:*.m4a=00;36:*.mid=00;36:*.midi=00;36:*.mka=00;36:*.mp3=00;36:*.mpc=00;36:*.ogg=00;36:*.ra=00;36:*.wav=00;36:*.oga=00;36:*.opus=00;36:*.spx=00;36:*.xspf=00;36:'), ('VSCODE_GIT_IPC_HANDLE', '/run/user/0/vscode-git-0da86a6bbb.sock'), ('TERM_PROGRAM', 'vscode'), ('AMENT_PREFIX_PATH', '/root/GZ_DiNiu/install/steer_closed_loop:/root/GZ_DiNiu/install/motor_control_py:/root/GZ_DiNiu/install/io_control_py:/root/GZ_DiNiu/install/imu_bno08x:/root/GZ_DiNiu/install/encoder_vel:/root/GZ_DiNiu/install/ackermann_odom:/opt/ros/humble'), ('SHELL', '/bin/bash'), ('LESSCLOSE', '/usr/bin/lesspipe %s %s'), ('VSCODE_GIT_ASKPASS_EXTRA_ARGS', ''), ('PWD', '/root/GZ_DiNiu/build/encoder_vel'), ('SSH_CONNECTION', '192.168.1.25 42870 192.168.1.20 22'), ('XDG_DATA_DIRS', '/usr/share/gnome:/usr/local/share:/usr/share:/var/lib/snapd/desktop'), ('PYTHONPATH', '/root/GZ_DiNiu/install/motor_control_py/lib/python3.10/site-packages:/root/GZ_DiNiu/install/io_control_py/lib/python3.10/site-packages:/root/GZ_DiNiu/install/imu_bno08x/lib/python3.10/site-packages:/opt/ros/humble/lib/python3.10/site-packages:/opt/ros/humble/local/lib/python3.10/dist-packages'), ('COLCON', '1'), ('CMAKE_PREFIX_PATH', '/root/GZ_DiNiu/install/steer_closed_loop:/root/GZ_DiNiu/install/encoder_vel:/root/GZ_DiNiu/install/ackermann_odom:/root/GZ_DiNiu/install/motor_control_py:/root/GZ_DiNiu/install/io_control_py:/root/GZ_DiNiu/install/imu_bno08x:/opt/ros/humble')]), 'shell': False}
[145.223218] (-) TimerEvent: {}
[145.385627] (-) TimerEvent: {}
[145.434190] (encoder_vel) StdoutLine: {'line': b'-- Install configuration: ""\n'}
[145.453561] (encoder_vel) StdoutLine: {'line': b'-- Installing: /root/GZ_DiNiu/install/encoder_vel/lib/encoder_vel/encoder_vel_node\n'}
[145.486496] (-) TimerEvent: {}
[145.490492] (encoder_vel) StdoutLine: {'line': b'-- Set runtime path of "/root/GZ_DiNiu/install/encoder_vel/lib/encoder_vel/encoder_vel_node" to ""\n'}
[145.492677] (encoder_vel) StdoutLine: {'line': b'-- Up-to-date: /root/GZ_DiNiu/install/encoder_vel/share/ament_index/resource_index/package_run_dependencies/encoder_vel\n'}
[145.496172] (encoder_vel) StdoutLine: {'line': b'-- Installing: /root/GZ_DiNiu/install/encoder_vel/share/ament_index/resource_index/parent_prefix_path/encoder_vel\n'}
[145.520178] (encoder_vel) StdoutLine: {'line': b'-- Up-to-date: /root/GZ_DiNiu/install/encoder_vel/share/encoder_vel/environment/ament_prefix_path.sh\n'}
[145.523016] (encoder_vel) StdoutLine: {'line': b'-- Installing: /root/GZ_DiNiu/install/encoder_vel/share/encoder_vel/environment/ament_prefix_path.dsv\n'}
[145.531947] (encoder_vel) StdoutLine: {'line': b'-- Up-to-date: /root/GZ_DiNiu/install/encoder_vel/share/encoder_vel/environment/path.sh\n'}
[145.532627] (encoder_vel) StdoutLine: {'line': b'-- Installing: /root/GZ_DiNiu/install/encoder_vel/share/encoder_vel/environment/path.dsv\n'}
[145.538170] (encoder_vel) StdoutLine: {'line': b'-- Up-to-date: /root/GZ_DiNiu/install/encoder_vel/share/encoder_vel/local_setup.bash\n'}
[145.548513] (encoder_vel) StdoutLine: {'line': b'-- Up-to-date: /root/GZ_DiNiu/install/encoder_vel/share/encoder_vel/local_setup.sh\n'}
[145.551059] (encoder_vel) StdoutLine: {'line': b'-- Up-to-date: /root/GZ_DiNiu/install/encoder_vel/share/encoder_vel/local_setup.zsh\n'}
[145.551889] (encoder_vel) StdoutLine: {'line': b'-- Installing: /root/GZ_DiNiu/install/encoder_vel/share/encoder_vel/local_setup.dsv\n'}
[145.560767] (encoder_vel) StdoutLine: {'line': b'-- Installing: /root/GZ_DiNiu/install/encoder_vel/share/encoder_vel/package.dsv\n'}
[145.567927] (encoder_vel) StdoutLine: {'line': b'-- Up-to-date: /root/GZ_DiNiu/install/encoder_vel/share/ament_index/resource_index/packages/encoder_vel\n'}
[145.568577] (encoder_vel) StdoutLine: {'line': b'-- Up-to-date: /root/GZ_DiNiu/install/encoder_vel/share/encoder_vel/cmake/encoder_velConfig.cmake\n'}
[145.572707] (encoder_vel) StdoutLine: {'line': b'-- Up-to-date: /root/GZ_DiNiu/install/encoder_vel/share/encoder_vel/cmake/encoder_velConfig-version.cmake\n'}
[145.577258] (encoder_vel) StdoutLine: {'line': b'-- Installing: /root/GZ_DiNiu/install/encoder_vel/share/encoder_vel/package.xml\n'}
[145.587447] (-) TimerEvent: {}
[145.604956] (encoder_vel) CommandEnded: {'returncode': 0}
[145.696621] (-) TimerEvent: {}
[145.797866] (-) TimerEvent: {}
[145.900790] (-) TimerEvent: {}
[145.958054] (encoder_vel) JobEnded: {'identifier': 'encoder_vel', 'rc': 0}
[146.001168] (-) TimerEvent: {}
[146.102663] (-) TimerEvent: {}
[146.204005] (-) TimerEvent: {}
[146.304767] (-) TimerEvent: {}
[146.408049] (-) TimerEvent: {}
[146.508799] (-) TimerEvent: {}
[146.612151] (-) TimerEvent: {}
[146.713022] (-) TimerEvent: {}
[146.814475] (-) TimerEvent: {}
[146.916068] (-) TimerEvent: {}
[147.019027] (-) TimerEvent: {}
[147.125170] (-) TimerEvent: {}
[147.230745] (-) TimerEvent: {}
[147.332266] (-) TimerEvent: {}
[147.433584] (-) TimerEvent: {}
[147.535033] (-) TimerEvent: {}
[147.635829] (-) TimerEvent: {}
[147.736644] (-) TimerEvent: {}
[147.843871] (-) TimerEvent: {}
[147.953003] (-) TimerEvent: {}
[148.053850] (-) TimerEvent: {}
[148.165041] (-) TimerEvent: {}
[148.272273] (-) TimerEvent: {}
[148.374249] (-) TimerEvent: {}
[148.476053] (-) TimerEvent: {}
[148.580331] (-) TimerEvent: {}
[148.683830] (-) TimerEvent: {}
[148.788803] (-) TimerEvent: {}
[148.890686] (-) TimerEvent: {}
[148.993027] (-) TimerEvent: {}
[149.094949] (-) TimerEvent: {}
[149.197142] (-) TimerEvent: {}
[149.303213] (-) TimerEvent: {}
[149.404315] (-) TimerEvent: {}
[149.508957] (-) TimerEvent: {}
[149.610499] (-) TimerEvent: {}
[149.712264] (-) TimerEvent: {}
[149.813742] (-) TimerEvent: {}
[149.914904] (-) TimerEvent: {}
[150.015984] (-) TimerEvent: {}
[150.117145] (-) TimerEvent: {}
[150.220124] (-) TimerEvent: {}
[150.323169] (-) TimerEvent: {}
[150.424372] (-) TimerEvent: {}
[150.525470] (-) TimerEvent: {}
[150.629490] (-) TimerEvent: {}
[150.730607] (-) TimerEvent: {}
[150.833215] (-) TimerEvent: {}
[150.934859] (-) TimerEvent: {}
[151.035969] (-) TimerEvent: {}
[151.136766] (-) TimerEvent: {}
[151.239903] (-) TimerEvent: {}
[151.340986] (-) TimerEvent: {}
[151.442660] (-) TimerEvent: {}
[151.543970] (-) TimerEvent: {}
[151.645039] (-) TimerEvent: {}
[151.752271] (-) TimerEvent: {}
[151.853918] (-) TimerEvent: {}
[151.955674] (-) TimerEvent: {}
[152.059389] (-) TimerEvent: {}
[152.162813] (-) TimerEvent: {}
[152.264794] (-) TimerEvent: {}
[152.366777] (-) TimerEvent: {}
[152.469110] (-) TimerEvent: {}
[152.571093] (-) TimerEvent: {}
[152.672984] (-) TimerEvent: {}
[152.774674] (-) TimerEvent: {}
[152.876353] (-) TimerEvent: {}
[152.982823] (-) TimerEvent: {}
[153.084596] (-) TimerEvent: {}
[153.188338] (-) TimerEvent: {}
[153.289603] (-) TimerEvent: {}
[153.391633] (-) TimerEvent: {}
[153.493120] (-) TimerEvent: {}
[153.594504] (-) TimerEvent: {}
[153.695901] (-) TimerEvent: {}
[153.796970] (-) TimerEvent: {}
[153.897804] (-) TimerEvent: {}
[153.998660] (-) TimerEvent: {}
[154.099475] (-) TimerEvent: {}
[154.200745] (-) TimerEvent: {}
[154.301637] (-) TimerEvent: {}
[154.402486] (-) TimerEvent: {}
[154.503989] (-) TimerEvent: {}
[154.605418] (-) TimerEvent: {}
[154.706468] (-) TimerEvent: {}
[154.808049] (-) TimerEvent: {}
[154.909091] (-) TimerEvent: {}
[155.010950] (-) TimerEvent: {}
[155.112166] (-) TimerEvent: {}
[155.213247] (-) TimerEvent: {}
[155.314076] (-) TimerEvent: {}
[155.415192] (-) TimerEvent: {}
[155.516145] (-) TimerEvent: {}
[155.617158] (-) TimerEvent: {}
[155.718307] (-) TimerEvent: {}
[155.819998] (-) TimerEvent: {}
[155.920772] (-) TimerEvent: {}
[156.022114] (-) TimerEvent: {}
[156.123126] (-) TimerEvent: {}
[156.223913] (-) TimerEvent: {}
[156.325044] (-) TimerEvent: {}
[156.429280] (-) TimerEvent: {}
[156.531427] (-) TimerEvent: {}
[156.633715] (-) TimerEvent: {}
[156.735926] (-) TimerEvent: {}
[156.840549] (-) TimerEvent: {}
[156.942591] (-) TimerEvent: {}
[157.044435] (-) TimerEvent: {}
[157.149192] (-) TimerEvent: {}
[157.251031] (-) TimerEvent: {}
[157.353056] (-) TimerEvent: {}
[157.455124] (-) TimerEvent: {}
[157.557512] (-) TimerEvent: {}
[157.661090] (-) TimerEvent: {}
[157.762932] (-) TimerEvent: {}
[157.864432] (-) TimerEvent: {}
[157.965323] (-) TimerEvent: {}
[158.072213] (-) TimerEvent: {}
[158.174162] (-) TimerEvent: {}
[158.274899] (-) TimerEvent: {}
[158.376264] (-) TimerEvent: {}
[158.478301] (-) TimerEvent: {}
[158.581449] (-) TimerEvent: {}
[158.683420] (-) TimerEvent: {}
[158.785261] (-) TimerEvent: {}
[158.888127] (-) TimerEvent: {}
[158.989301] (-) TimerEvent: {}
[159.090728] (-) TimerEvent: {}
[159.193223] (-) TimerEvent: {}
[159.294552] (-) TimerEvent: {}
[159.396680] (-) TimerEvent: {}
[159.500190] (-) TimerEvent: {}
[159.601803] (-) TimerEvent: {}
[159.707290] (-) TimerEvent: {}
[159.808693] (-) TimerEvent: {}
[159.909821] (-) TimerEvent: {}
[160.012419] (-) TimerEvent: {}
[160.113225] (-) TimerEvent: {}
[160.214442] (-) TimerEvent: {}
[160.315633] (-) TimerEvent: {}
[160.688336] (-) TimerEvent: {}
[160.791651] (-) TimerEvent: {}
[160.894197] (-) TimerEvent: {}
[160.996395] (-) TimerEvent: {}
[161.101129] (-) TimerEvent: {}
[161.202295] (-) TimerEvent: {}
[161.303645] (-) TimerEvent: {}
[161.408804] (-) TimerEvent: {}
[161.510176] (-) TimerEvent: {}
[161.611333] (-) TimerEvent: {}
[161.712713] (-) TimerEvent: {}
[161.814122] (-) TimerEvent: {}
[161.915898] (-) TimerEvent: {}
[162.020407] (-) TimerEvent: {}
[162.122503] (-) TimerEvent: {}
[162.224155] (-) TimerEvent: {}
[162.325325] (-) TimerEvent: {}
[162.428144] (-) TimerEvent: {}
[162.529347] (-) TimerEvent: {}
[162.630773] (-) TimerEvent: {}
[162.732284] (-) TimerEvent: {}
[162.833661] (-) TimerEvent: {}
[162.937232] (-) TimerEvent: {}
[163.040084] (-) TimerEvent: {}
[163.141643] (-) TimerEvent: {}
[163.242375] (-) TimerEvent: {}
[163.343619] (-) TimerEvent: {}
[163.445197] (-) TimerEvent: {}
[163.549747] (-) TimerEvent: {}
[163.653261] (-) TimerEvent: {}
[163.754974] (-) TimerEvent: {}
[163.858111] (-) TimerEvent: {}
[163.960387] (-) TimerEvent: {}
[164.061682] (-) TimerEvent: {}
[164.162942] (-) TimerEvent: {}
[164.264574] (-) TimerEvent: {}
[164.369674] (-) TimerEvent: {}
[164.473359] (-) TimerEvent: {}
[164.575123] (-) TimerEvent: {}
[164.680947] (-) TimerEvent: {}
[164.783360] (-) TimerEvent: {}
[164.885962] (-) TimerEvent: {}
[164.987642] (-) TimerEvent: {}
[165.089470] (-) TimerEvent: {}
[165.190425] (-) TimerEvent: {}
[165.297358] (-) TimerEvent: {}
[165.406275] (-) TimerEvent: {}
[165.529006] (-) TimerEvent: {}
[165.637369] (-) TimerEvent: {}
[165.748996] (-) TimerEvent: {}
[165.850815] (-) TimerEvent: {}
[165.952394] (-) TimerEvent: {}
[166.054147] (-) TimerEvent: {}
[166.157000] (-) TimerEvent: {}
[166.259080] (-) TimerEvent: {}
[166.361055] (-) TimerEvent: {}
[166.462997] (-) TimerEvent: {}
[166.565728] (-) TimerEvent: {}
[166.667692] (-) TimerEvent: {}
[166.769505] (-) TimerEvent: {}
[166.871241] (-) TimerEvent: {}
[166.973386] (-) TimerEvent: {}
[167.075853] (-) TimerEvent: {}
[167.177949] (-) TimerEvent: {}
[167.279196] (-) TimerEvent: {}
[167.380723] (-) TimerEvent: {}
[167.482825] (-) TimerEvent: {}
[167.590363] (-) TimerEvent: {}
[167.694402] (-) TimerEvent: {}
[167.797524] (-) TimerEvent: {}
[167.899235] (-) TimerEvent: {}
[168.002010] (-) TimerEvent: {}
[168.103902] (-) TimerEvent: {}
[168.206364] (-) TimerEvent: {}
[168.308472] (-) TimerEvent: {}
[168.411097] (-) TimerEvent: {}
[168.513043] (-) TimerEvent: {}
[168.615088] (-) TimerEvent: {}
[168.716250] (-) TimerEvent: {}
[168.818119] (-) TimerEvent: {}
[168.921164] (-) TimerEvent: {}
[169.024424] (-) TimerEvent: {}
[169.126240] (-) TimerEvent: {}
[169.229298] (-) TimerEvent: {}
[169.330794] (-) TimerEvent: {}
[169.432027] (-) TimerEvent: {}
[169.533338] (-) TimerEvent: {}
[169.634539] (-) TimerEvent: {}
[169.735832] (-) TimerEvent: {}
[169.837929] (-) TimerEvent: {}
[169.942548] (-) TimerEvent: {}
[170.045219] (-) TimerEvent: {}
[170.147624] (-) TimerEvent: {}
[170.250334] (-) TimerEvent: {}
[170.351853] (-) TimerEvent: {}
[170.454636] (-) TimerEvent: {}
[170.561161] (-) TimerEvent: {}
[170.663629] (-) TimerEvent: {}
[170.766369] (-) TimerEvent: {}
[170.868397] (-) TimerEvent: {}
[170.971086] (-) TimerEvent: {}
[171.075224] (-) TimerEvent: {}
[171.179913] (-) TimerEvent: {}
[171.286123] (-) TimerEvent: {}
[171.389190] (-) TimerEvent: {}
[171.494150] (-) TimerEvent: {}
[171.597165] (-) TimerEvent: {}
[171.700432] (-) TimerEvent: {}
[171.803828] (-) TimerEvent: {}
[171.831453] (ackermann_odom) StdoutLine: {'line': b'[100%] \x1b[32m\x1b[1mLinking CXX executable ackermann_odom_node\x1b[0m\n'}
[171.904024] (-) TimerEvent: {}
[172.006970] (-) TimerEvent: {}
[172.109048] (-) TimerEvent: {}
[172.211300] (-) TimerEvent: {}
[172.312083] (-) TimerEvent: {}
[172.412948] (-) TimerEvent: {}
[172.514024] (-) TimerEvent: {}
[172.614901] (-) TimerEvent: {}
[172.716037] (-) TimerEvent: {}
[172.816931] (-) TimerEvent: {}
[172.917778] (-) TimerEvent: {}
[173.021051] (-) TimerEvent: {}
[173.124573] (-) TimerEvent: {}
[173.226680] (-) TimerEvent: {}
[173.330496] (-) TimerEvent: {}
[173.434609] (-) TimerEvent: {}
[173.540296] (-) TimerEvent: {}
[173.642693] (-) TimerEvent: {}
[173.743854] (-) TimerEvent: {}
[173.846150] (-) TimerEvent: {}
[173.948603] (-) TimerEvent: {}
[174.054156] (-) TimerEvent: {}
[174.178281] (-) TimerEvent: {}
[174.313780] (-) TimerEvent: {}
[174.459963] (-) TimerEvent: {}
[174.625985] (-) TimerEvent: {}
[174.755212] (-) TimerEvent: {}
[174.856131] (-) TimerEvent: {}
[174.959283] (-) TimerEvent: {}
[175.063775] (-) TimerEvent: {}
[175.167088] (-) TimerEvent: {}
[175.270809] (-) TimerEvent: {}
[175.375512] (-) TimerEvent: {}
[175.477636] (-) TimerEvent: {}
[175.581931] (-) TimerEvent: {}
[175.685649] (-) TimerEvent: {}
[175.786451] (-) TimerEvent: {}
[175.890896] (-) TimerEvent: {}
[175.991767] (-) TimerEvent: {}
[176.093512] (-) TimerEvent: {}
[176.194638] (-) TimerEvent: {}
[176.297003] (-) TimerEvent: {}
[176.398478] (-) TimerEvent: {}
[176.500307] (-) TimerEvent: {}
[176.601792] (-) TimerEvent: {}
[176.703728] (-) TimerEvent: {}
[176.807196] (-) TimerEvent: {}
[176.910238] (-) TimerEvent: {}
[177.024245] (-) TimerEvent: {}
[177.126382] (-) TimerEvent: {}
[177.227842] (-) TimerEvent: {}
[177.328990] (-) TimerEvent: {}
[177.368745] (ackermann_odom) StdoutLine: {'line': b'[100%] Built target ackermann_odom_node\n'}
[177.432257] (-) TimerEvent: {}
[177.534241] (-) TimerEvent: {}
[177.553441] (ackermann_odom) CommandEnded: {'returncode': 0}
[177.559244] (ackermann_odom) JobProgress: {'identifier': 'ackermann_odom', 'progress': 'install'}
[177.567795] (ackermann_odom) Command: {'cmd': ['/usr/bin/cmake', '--install', '/root/GZ_DiNiu/build/ackermann_odom'], 'cwd': '/root/GZ_DiNiu/build/ackermann_odom', 'env': OrderedDict([('PYTHON_BASIC_REPL', '1'), ('LESSOPEN', '| /usr/bin/lesspipe %s'), ('LANGUAGE', 'zh_CN:zh'), ('USER', 'root'), ('SSH_CLIENT', '192.168.1.25 42870 22'), ('XDG_SESSION_TYPE', 'tty'), ('GIT_ASKPASS', '/root/.vscode-server/cli/servers/Stable-072586267e68ece9a47aa43f8c108e0dcbf44622/server/extensions/git/dist/askpass.sh'), ('SHLVL', '2'), ('LD_LIBRARY_PATH', '/opt/ros/humble/opt/rviz_ogre_vendor/lib:/opt/ros/humble/lib/aarch64-linux-gnu:/opt/ros/humble/lib'), ('BROWSER', '/root/.vscode-server/cli/servers/Stable-072586267e68ece9a47aa43f8c108e0dcbf44622/server/bin/helpers/browser.sh'), ('MOTD_SHOWN', 'pam'), ('HOME', '/root'), ('TERM_PROGRAM_VERSION', '1.109.5'), ('VSCODE_IPC_HOOK_CLI', '/run/user/0/vscode-ipc-7df1a358-fa73-439d-ad89-adf667160caf.sock'), ('ROS_PYTHON_VERSION', '3'), ('VSCODE_GIT_ASKPASS_MAIN', '/root/.vscode-server/cli/servers/Stable-072586267e68ece9a47aa43f8c108e0dcbf44622/server/extensions/git/dist/askpass-main.js'), ('VSCODE_GIT_ASKPASS_NODE', '/root/.vscode-server/cli/servers/Stable-072586267e68ece9a47aa43f8c108e0dcbf44622/server/node'), ('SSL_CERT_FILE', '/usr/lib/ssl/certs/ca-certificates.crt'), ('PYDEVD_DISABLE_FILE_VALIDATION', '1'), ('BUNDLED_DEBUGPY_PATH', '/root/.vscode-server/extensions/ms-python.debugpy-2025.18.0/bundled/libs/debugpy'), ('VSCODE_PYTHON_AUTOACTIVATE_GUARD', '1'), ('DBUS_SESSION_BUS_ADDRESS', 'unix:path=/run/user/0/bus'), ('COLORTERM', 'truecolor'), ('DEBUGINFOD_URLS', ''), ('COLCON_PREFIX_PATH', '/root/GZ_DiNiu/install'), ('ROS_DISTRO', 'humble'), ('LOGNAME', 'root'), ('_', '/usr/bin/colcon'), ('ROS_VERSION', '2'), ('XDG_SESSION_CLASS', 'user'), ('TERM', 'xterm-256color'), ('XDG_SESSION_ID', '2'), ('ROS_LOCALHOST_ONLY', '0'), ('PATH', '/root/.vscode-server/cli/servers/Stable-072586267e68ece9a47aa43f8c108e0dcbf44622/server/bin/remote-cli:/opt/ros/humble/bin:/usr/local/sbin:/usr/local/bin:/usr/sbin:/usr/bin:/sbin:/bin:/usr/games:/usr/local/games:/snap/bin:/root/.vscode-server/extensions/ms-python.debugpy-2025.18.0/bundled/scripts/noConfigScripts'), ('XDG_RUNTIME_DIR', '/run/user/0'), ('SSL_CERT_DIR', '/usr/lib/ssl/certs'), ('VSCODE_DEBUGPY_ADAPTER_ENDPOINTS', '/root/.vscode-server/extensions/ms-python.debugpy-2025.18.0/.noConfigDebugAdapterEndpoints/endpoint-e8455e4bc5ae7857.txt'), ('LANG', 'zh_CN.UTF-8'), ('PYTHONSTARTUP', '/root/.vscode-server/data/User/workspaceStorage/7df28b463ac56098d5ed4f2c8d434cf2/ms-python.python/pythonrc.py'), ('LS_COLORS', 'rs=0:di=01;34:ln=01;36:mh=00:pi=40;33:so=01;35:do=01;35:bd=40;33;01:cd=40;33;01:or=40;31;01:mi=00:su=37;41:sg=30;43:ca=30;41:tw=30;42:ow=34;42:st=37;44:ex=01;32:*.tar=01;31:*.tgz=01;31:*.arc=01;31:*.arj=01;31:*.taz=01;31:*.lha=01;31:*.lz4=01;31:*.lzh=01;31:*.lzma=01;31:*.tlz=01;31:*.txz=01;31:*.tzo=01;31:*.t7z=01;31:*.zip=01;31:*.z=01;31:*.dz=01;31:*.gz=01;31:*.lrz=01;31:*.lz=01;31:*.lzo=01;31:*.xz=01;31:*.zst=01;31:*.tzst=01;31:*.bz2=01;31:*.bz=01;31:*.tbz=01;31:*.tbz2=01;31:*.tz=01;31:*.deb=01;31:*.rpm=01;31:*.jar=01;31:*.war=01;31:*.ear=01;31:*.sar=01;31:*.rar=01;31:*.alz=01;31:*.ace=01;31:*.zoo=01;31:*.cpio=01;31:*.7z=01;31:*.rz=01;31:*.cab=01;31:*.wim=01;31:*.swm=01;31:*.dwm=01;31:*.esd=01;31:*.jpg=01;35:*.jpeg=01;35:*.mjpg=01;35:*.mjpeg=01;35:*.gif=01;35:*.bmp=01;35:*.pbm=01;35:*.pgm=01;35:*.ppm=01;35:*.tga=01;35:*.xbm=01;35:*.xpm=01;35:*.tif=01;35:*.tiff=01;35:*.png=01;35:*.svg=01;35:*.svgz=01;35:*.mng=01;35:*.pcx=01;35:*.mov=01;35:*.mpg=01;35:*.mpeg=01;35:*.m2v=01;35:*.mkv=01;35:*.webm=01;35:*.webp=01;35:*.ogm=01;35:*.mp4=01;35:*.m4v=01;35:*.mp4v=01;35:*.vob=01;35:*.qt=01;35:*.nuv=01;35:*.wmv=01;35:*.asf=01;35:*.rm=01;35:*.rmvb=01;35:*.flc=01;35:*.avi=01;35:*.fli=01;35:*.flv=01;35:*.gl=01;35:*.dl=01;35:*.xcf=01;35:*.xwd=01;35:*.yuv=01;35:*.cgm=01;35:*.emf=01;35:*.ogv=01;35:*.ogx=01;35:*.aac=00;36:*.au=00;36:*.flac=00;36:*.m4a=00;36:*.mid=00;36:*.midi=00;36:*.mka=00;36:*.mp3=00;36:*.mpc=00;36:*.ogg=00;36:*.ra=00;36:*.wav=00;36:*.oga=00;36:*.opus=00;36:*.spx=00;36:*.xspf=00;36:'), ('VSCODE_GIT_IPC_HANDLE', '/run/user/0/vscode-git-0da86a6bbb.sock'), ('TERM_PROGRAM', 'vscode'), ('AMENT_PREFIX_PATH', '/root/GZ_DiNiu/install/steer_closed_loop:/root/GZ_DiNiu/install/motor_control_py:/root/GZ_DiNiu/install/io_control_py:/root/GZ_DiNiu/install/imu_bno08x:/root/GZ_DiNiu/install/encoder_vel:/root/GZ_DiNiu/install/ackermann_odom:/opt/ros/humble'), ('SHELL', '/bin/bash'), ('LESSCLOSE', '/usr/bin/lesspipe %s %s'), ('VSCODE_GIT_ASKPASS_EXTRA_ARGS', ''), ('PWD', '/root/GZ_DiNiu/build/ackermann_odom'), ('SSH_CONNECTION', '192.168.1.25 42870 192.168.1.20 22'), ('XDG_DATA_DIRS', '/usr/share/gnome:/usr/local/share:/usr/share:/var/lib/snapd/desktop'), ('PYTHONPATH', '/root/GZ_DiNiu/install/motor_control_py/lib/python3.10/site-packages:/root/GZ_DiNiu/install/io_control_py/lib/python3.10/site-packages:/root/GZ_DiNiu/install/imu_bno08x/lib/python3.10/site-packages:/opt/ros/humble/lib/python3.10/site-packages:/opt/ros/humble/local/lib/python3.10/dist-packages'), ('COLCON', '1'), ('CMAKE_PREFIX_PATH', '/root/GZ_DiNiu/install/steer_closed_loop:/root/GZ_DiNiu/install/encoder_vel:/root/GZ_DiNiu/install/ackermann_odom:/root/GZ_DiNiu/install/motor_control_py:/root/GZ_DiNiu/install/io_control_py:/root/GZ_DiNiu/install/imu_bno08x:/opt/ros/humble')]), 'shell': False}
[177.636440] (-) TimerEvent: {}
[177.674375] (ackermann_odom) StdoutLine: {'line': b'-- Install configuration: ""\n'}
[177.681742] (ackermann_odom) StdoutLine: {'line': b'-- Installing: /root/GZ_DiNiu/install/ackermann_odom/lib/ackermann_odom/ackermann_odom_node\n'}
[177.737839] (-) TimerEvent: {}
[177.828307] (ackermann_odom) StdoutLine: {'line': b'-- Set runtime path of "/root/GZ_DiNiu/install/ackermann_odom/lib/ackermann_odom/ackermann_odom_node" to ""\n'}
[177.830902] (ackermann_odom) StdoutLine: {'line': b'-- Installing: /root/GZ_DiNiu/install/ackermann_odom/share/ackermann_odom/config\n'}
[177.833028] (ackermann_odom) StdoutLine: {'line': b'-- Installing: /root/GZ_DiNiu/install/ackermann_odom/share/ackermann_odom/config/motor_control_defaults.yaml\n'}
[177.838863] (-) TimerEvent: {}
[177.843872] (ackermann_odom) StdoutLine: {'line': b'-- Up-to-date: /root/GZ_DiNiu/install/ackermann_odom/share/ament_index/resource_index/package_run_dependencies/ackermann_odom\n'}
[177.847379] (ackermann_odom) StdoutLine: {'line': b'-- Installing: /root/GZ_DiNiu/install/ackermann_odom/share/ament_index/resource_index/parent_prefix_path/ackermann_odom\n'}
[177.851875] (ackermann_odom) StdoutLine: {'line': b'-- Up-to-date: /root/GZ_DiNiu/install/ackermann_odom/share/ackermann_odom/environment/ament_prefix_path.sh\n'}
[177.852720] (ackermann_odom) StdoutLine: {'line': b'-- Installing: /root/GZ_DiNiu/install/ackermann_odom/share/ackermann_odom/environment/ament_prefix_path.dsv\n'}
[177.858010] (ackermann_odom) StdoutLine: {'line': b'-- Up-to-date: /root/GZ_DiNiu/install/ackermann_odom/share/ackermann_odom/environment/path.sh\n'}
[177.858786] (ackermann_odom) StdoutLine: {'line': b'-- Installing: /root/GZ_DiNiu/install/ackermann_odom/share/ackermann_odom/environment/path.dsv\n'}
[177.865177] (ackermann_odom) StdoutLine: {'line': b'-- Up-to-date: /root/GZ_DiNiu/install/ackermann_odom/share/ackermann_odom/local_setup.bash\n'}
[177.866097] (ackermann_odom) StdoutLine: {'line': b'-- Up-to-date: /root/GZ_DiNiu/install/ackermann_odom/share/ackermann_odom/local_setup.sh\n'}
[177.867179] (ackermann_odom) StdoutLine: {'line': b'-- Up-to-date: /root/GZ_DiNiu/install/ackermann_odom/share/ackermann_odom/local_setup.zsh\n'}
[177.868002] (ackermann_odom) StdoutLine: {'line': b'-- Installing: /root/GZ_DiNiu/install/ackermann_odom/share/ackermann_odom/local_setup.dsv\n'}
[177.871713] (ackermann_odom) StdoutLine: {'line': b'-- Installing: /root/GZ_DiNiu/install/ackermann_odom/share/ackermann_odom/package.dsv\n'}
[177.874929] (ackermann_odom) StdoutLine: {'line': b'-- Up-to-date: /root/GZ_DiNiu/install/ackermann_odom/share/ament_index/resource_index/packages/ackermann_odom\n'}
[177.877631] (ackermann_odom) StdoutLine: {'line': b'-- Up-to-date: /root/GZ_DiNiu/install/ackermann_odom/share/ackermann_odom/cmake/ackermann_odomConfig.cmake\n'}
[177.883625] (ackermann_odom) StdoutLine: {'line': b'-- Up-to-date: /root/GZ_DiNiu/install/ackermann_odom/share/ackermann_odom/cmake/ackermann_odomConfig-version.cmake\n'}
[177.884277] (ackermann_odom) StdoutLine: {'line': b'-- Installing: /root/GZ_DiNiu/install/ackermann_odom/share/ackermann_odom/package.xml\n'}
[177.921254] (ackermann_odom) CommandEnded: {'returncode': 0}
[177.939566] (-) TimerEvent: {}
[178.042684] (-) TimerEvent: {}
[178.114842] (ackermann_odom) JobEnded: {'identifier': 'ackermann_odom', 'rc': 0}
[178.142878] (-) TimerEvent: {}
[178.244030] (-) TimerEvent: {}
[178.344927] (-) TimerEvent: {}
[178.445691] (-) TimerEvent: {}
[178.546445] (-) TimerEvent: {}
[178.648096] (-) TimerEvent: {}
[178.748911] (-) TimerEvent: {}
[178.849714] (-) TimerEvent: {}
[178.951106] (-) TimerEvent: {}
[179.051902] (-) TimerEvent: {}
[179.152667] (-) TimerEvent: {}
[179.254135] (-) TimerEvent: {}
[179.354896] (-) TimerEvent: {}
[179.456028] (-) TimerEvent: {}
[179.556778] (-) TimerEvent: {}
[179.657603] (-) TimerEvent: {}
[179.758379] (-) TimerEvent: {}
[179.859135] (-) TimerEvent: {}
[179.960021] (-) TimerEvent: {}
[180.060770] (-) TimerEvent: {}
[180.161554] (-) TimerEvent: {}
[180.262333] (-) TimerEvent: {}
[180.363793] (-) TimerEvent: {}
[180.464632] (-) TimerEvent: {}
[180.565434] (-) TimerEvent: {}
[180.666207] (-) TimerEvent: {}
[180.767976] (-) TimerEvent: {}
[180.868779] (-) TimerEvent: {}
[180.969664] (-) TimerEvent: {}
[181.070419] (-) TimerEvent: {}
[181.171190] (-) TimerEvent: {}
[181.272664] (-) TimerEvent: {}
[181.373993] (-) TimerEvent: {}
[181.475591] (-) TimerEvent: {}
[181.576360] (-) TimerEvent: {}
[181.677243] (-) TimerEvent: {}
[181.778722] (-) TimerEvent: {}
[181.879535] (-) TimerEvent: {}
[181.980290] (-) TimerEvent: {}
[182.082366] (-) TimerEvent: {}
[182.183180] (-) TimerEvent: {}
[182.285356] (-) TimerEvent: {}
[182.396352] (-) TimerEvent: {}
[182.518139] (-) TimerEvent: {}
[182.623575] (-) TimerEvent: {}
[182.728036] (-) TimerEvent: {}
[182.832557] (-) TimerEvent: {}
[182.936050] (-) TimerEvent: {}
[183.061108] (-) TimerEvent: {}
[183.162475] (-) TimerEvent: {}
[183.263156] (-) TimerEvent: {}
[183.363837] (-) TimerEvent: {}
[183.464498] (-) TimerEvent: {}
[183.565214] (-) TimerEvent: {}
[183.665910] (-) TimerEvent: {}
[183.766635] (-) TimerEvent: {}
[183.867680] (-) TimerEvent: {}
[183.968359] (-) TimerEvent: {}
[184.069194] (-) TimerEvent: {}
[184.170066] (-) TimerEvent: {}
[184.270739] (-) TimerEvent: {}
[184.371829] (-) TimerEvent: {}
[184.472508] (-) TimerEvent: {}
[184.573257] (-) TimerEvent: {}
[184.673953] (-) TimerEvent: {}
[184.774631] (-) TimerEvent: {}
[184.875347] (-) TimerEvent: {}
[184.976021] (-) TimerEvent: {}
[185.076712] (-) TimerEvent: {}
[185.177577] (-) TimerEvent: {}
[185.279250] (-) TimerEvent: {}
[185.379922] (-) TimerEvent: {}
[185.480722] (-) TimerEvent: {}
[185.581715] (-) TimerEvent: {}
[185.684414] (-) TimerEvent: {}
[185.785614] (-) TimerEvent: {}
[185.886387] (-) TimerEvent: {}
[185.989212] (-) TimerEvent: {}
[186.089872] (-) TimerEvent: {}
[186.190573] (-) TimerEvent: {}
[186.291269] (-) TimerEvent: {}
[186.391958] (-) TimerEvent: {}
[186.492625] (-) TimerEvent: {}
[186.593331] (-) TimerEvent: {}
[186.694007] (-) TimerEvent: {}
[186.794847] (-) TimerEvent: {}
[186.895628] (-) TimerEvent: {}
[186.996346] (-) TimerEvent: {}
[187.098321] (-) TimerEvent: {}
[187.200382] (-) TimerEvent: {}
[187.301806] (-) TimerEvent: {}
[187.456053] (-) TimerEvent: {}
[187.556745] (-) TimerEvent: {}
[187.657467] (-) TimerEvent: {}
[187.758367] (-) TimerEvent: {}
[187.859058] (-) TimerEvent: {}
[187.959788] (-) TimerEvent: {}
[188.060472] (-) TimerEvent: {}
[188.161601] (-) TimerEvent: {}
[188.262515] (-) TimerEvent: {}
[188.363184] (-) TimerEvent: {}
[188.463858] (-) TimerEvent: {}
[188.565022] (-) TimerEvent: {}
[188.665704] (-) TimerEvent: {}
[188.766392] (-) TimerEvent: {}
[188.867057] (-) TimerEvent: {}
[188.968471] (-) TimerEvent: {}
[189.069183] (-) TimerEvent: {}
[189.170482] (-) TimerEvent: {}
[189.271162] (-) TimerEvent: {}
[189.371867] (-) TimerEvent: {}
[189.472536] (-) TimerEvent: {}
[189.573665] (-) TimerEvent: {}
[189.674312] (-) TimerEvent: {}
[189.775005] (-) TimerEvent: {}
[189.876251] (-) TimerEvent: {}
[189.976957] (-) TimerEvent: {}
[190.077836] (-) TimerEvent: {}
[190.180372] (-) TimerEvent: {}
[190.282988] (-) TimerEvent: {}
[190.384342] (-) TimerEvent: {}
[190.485876] (-) TimerEvent: {}
[190.587437] (-) TimerEvent: {}
[190.688812] (-) TimerEvent: {}
[190.790759] (-) TimerEvent: {}
[190.892314] (-) TimerEvent: {}
[190.993890] (-) TimerEvent: {}
[191.103661] (-) TimerEvent: {}
[191.204748] (-) TimerEvent: {}
[191.305836] (-) TimerEvent: {}
[191.407473] (-) TimerEvent: {}
[191.508779] (-) TimerEvent: {}
[191.610241] (-) TimerEvent: {}
[191.711259] (-) TimerEvent: {}
[191.812481] (-) TimerEvent: {}
[191.913599] (-) TimerEvent: {}
[192.014715] (-) TimerEvent: {}
[192.116400] (-) TimerEvent: {}
[192.218315] (-) TimerEvent: {}
[192.326063] (-) TimerEvent: {}
[192.441378] (-) TimerEvent: {}
[192.555973] (-) TimerEvent: {}
[192.688409] (-) TimerEvent: {}
[192.806158] (-) TimerEvent: {}
[192.935483] (-) TimerEvent: {}
[193.054709] (-) TimerEvent: {}
[193.192115] (-) TimerEvent: {}
[193.333288] (-) TimerEvent: {}
[193.434718] (-) TimerEvent: {}
[193.537234] (-) TimerEvent: {}
[193.638122] (-) TimerEvent: {}
[193.739667] (-) TimerEvent: {}
[193.840451] (-) TimerEvent: {}
[193.942666] (-) TimerEvent: {}
[194.043424] (-) TimerEvent: {}
[194.144179] (-) TimerEvent: {}
[194.245337] (-) TimerEvent: {}
[194.347281] (-) TimerEvent: {}
[194.448960] (-) TimerEvent: {}
[194.550516] (-) TimerEvent: {}
[194.652083] (-) TimerEvent: {}
[194.753701] (-) TimerEvent: {}
[194.855926] (-) TimerEvent: {}
[194.957625] (-) TimerEvent: {}
[195.059142] (-) TimerEvent: {}
[195.160411] (-) TimerEvent: {}
[195.261634] (-) TimerEvent: {}
[195.364675] (-) TimerEvent: {}
[195.465803] (-) TimerEvent: {}
[195.567801] (-) TimerEvent: {}
[195.669624] (-) TimerEvent: {}
[195.771161] (-) TimerEvent: {}
[195.872956] (-) TimerEvent: {}
[195.974365] (-) TimerEvent: {}
[196.075395] (-) TimerEvent: {}
[196.176068] (-) TimerEvent: {}
[196.277102] (-) TimerEvent: {}
[196.379194] (-) TimerEvent: {}
[196.481561] (-) TimerEvent: {}
[196.582942] (-) TimerEvent: {}
[196.684328] (-) TimerEvent: {}
[196.785409] (-) TimerEvent: {}
[196.886775] (-) TimerEvent: {}
[196.988138] (-) TimerEvent: {}
[197.089232] (-) TimerEvent: {}
[197.190250] (-) TimerEvent: {}
[197.290935] (-) TimerEvent: {}
[197.401683] (-) TimerEvent: {}
[197.502870] (-) TimerEvent: {}
[197.604434] (-) TimerEvent: {}
[197.706092] (-) TimerEvent: {}
[197.806871] (-) TimerEvent: {}
[197.907645] (-) TimerEvent: {}
[198.008612] (-) TimerEvent: {}
[198.109460] (-) TimerEvent: {}
[198.211539] (-) TimerEvent: {}
[198.335068] (-) TimerEvent: {}
[198.457753] (-) TimerEvent: {}
[198.610404] (-) TimerEvent: {}
[198.735447] (-) TimerEvent: {}
[198.882364] (-) TimerEvent: {}
[199.012059] (-) TimerEvent: {}
[199.166620] (-) TimerEvent: {}
[199.354110] (-) TimerEvent: {}
[199.460071] (-) TimerEvent: {}
[199.564189] (-) TimerEvent: {}
[199.664927] (-) TimerEvent: {}
[199.765607] (-) TimerEvent: {}
[199.866276] (-) TimerEvent: {}
[199.966925] (-) TimerEvent: {}
[200.067842] (-) TimerEvent: {}
[200.168510] (-) TimerEvent: {}
[200.269589] (-) TimerEvent: {}
[200.370285] (-) TimerEvent: {}
[200.471674] (-) TimerEvent: {}
[200.573195] (-) TimerEvent: {}
[200.673942] (-) TimerEvent: {}
[200.777578] (-) TimerEvent: {}
[200.880589] (-) TimerEvent: {}
[200.982900] (-) TimerEvent: {}
[201.084727] (-) TimerEvent: {}
[201.186422] (-) TimerEvent: {}
[201.289335] (-) TimerEvent: {}
[201.392619] (-) TimerEvent: {}
[201.493345] (-) TimerEvent: {}
[201.571652] (steer_closed_loop) StdoutLine: {'line': b'[100%] \x1b[32m\x1b[1mLinking CXX executable steer_closed_loop_node\x1b[0m\n'}
[201.594361] (-) TimerEvent: {}
[201.701645] (-) TimerEvent: {}
[201.825882] (-) TimerEvent: {}
[201.943506] (-) TimerEvent: {}
[202.056001] (-) TimerEvent: {}
[202.169199] (-) TimerEvent: {}
[202.284516] (-) TimerEvent: {}
[202.407561] (-) TimerEvent: {}
[202.525256] (-) TimerEvent: {}
[202.656082] (-) TimerEvent: {}
[202.780337] (-) TimerEvent: {}
[202.916084] (-) TimerEvent: {}
[203.036749] (-) TimerEvent: {}
[203.156688] (-) TimerEvent: {}
[203.268525] (-) TimerEvent: {}
[203.382152] (-) TimerEvent: {}
[203.516378] (-) TimerEvent: {}
[203.647599] (-) TimerEvent: {}
[203.765035] (-) TimerEvent: {}
[203.873783] (-) TimerEvent: {}
[203.982004] (-) TimerEvent: {}
[204.095396] (-) TimerEvent: {}
[204.208160] (-) TimerEvent: {}
[204.330286] (-) TimerEvent: {}
[204.474902] (-) TimerEvent: {}
[204.585284] (-) TimerEvent: {}
[204.702305] (-) TimerEvent: {}
[204.793257] (steer_closed_loop) StdoutLine: {'line': b'[100%] Built target steer_closed_loop_node\n'}
[204.818131] (-) TimerEvent: {}
[204.849580] (steer_closed_loop) CommandEnded: {'returncode': 0}
[204.855984] (steer_closed_loop) JobProgress: {'identifier': 'steer_closed_loop', 'progress': 'install'}
[204.865804] (steer_closed_loop) Command: {'cmd': ['/usr/bin/cmake', '--install', '/root/GZ_DiNiu/build/steer_closed_loop'], 'cwd': '/root/GZ_DiNiu/build/steer_closed_loop', 'env': OrderedDict([('PYTHON_BASIC_REPL', '1'), ('LESSOPEN', '| /usr/bin/lesspipe %s'), ('LANGUAGE', 'zh_CN:zh'), ('USER', 'root'), ('SSH_CLIENT', '192.168.1.25 42870 22'), ('XDG_SESSION_TYPE', 'tty'), ('GIT_ASKPASS', '/root/.vscode-server/cli/servers/Stable-072586267e68ece9a47aa43f8c108e0dcbf44622/server/extensions/git/dist/askpass.sh'), ('SHLVL', '2'), ('LD_LIBRARY_PATH', '/opt/ros/humble/opt/rviz_ogre_vendor/lib:/opt/ros/humble/lib/aarch64-linux-gnu:/opt/ros/humble/lib'), ('BROWSER', '/root/.vscode-server/cli/servers/Stable-072586267e68ece9a47aa43f8c108e0dcbf44622/server/bin/helpers/browser.sh'), ('MOTD_SHOWN', 'pam'), ('HOME', '/root'), ('TERM_PROGRAM_VERSION', '1.109.5'), ('VSCODE_IPC_HOOK_CLI', '/run/user/0/vscode-ipc-7df1a358-fa73-439d-ad89-adf667160caf.sock'), ('ROS_PYTHON_VERSION', '3'), ('VSCODE_GIT_ASKPASS_MAIN', '/root/.vscode-server/cli/servers/Stable-072586267e68ece9a47aa43f8c108e0dcbf44622/server/extensions/git/dist/askpass-main.js'), ('VSCODE_GIT_ASKPASS_NODE', '/root/.vscode-server/cli/servers/Stable-072586267e68ece9a47aa43f8c108e0dcbf44622/server/node'), ('SSL_CERT_FILE', '/usr/lib/ssl/certs/ca-certificates.crt'), ('PYDEVD_DISABLE_FILE_VALIDATION', '1'), ('BUNDLED_DEBUGPY_PATH', '/root/.vscode-server/extensions/ms-python.debugpy-2025.18.0/bundled/libs/debugpy'), ('VSCODE_PYTHON_AUTOACTIVATE_GUARD', '1'), ('DBUS_SESSION_BUS_ADDRESS', 'unix:path=/run/user/0/bus'), ('COLORTERM', 'truecolor'), ('DEBUGINFOD_URLS', ''), ('COLCON_PREFIX_PATH', '/root/GZ_DiNiu/install'), ('ROS_DISTRO', 'humble'), ('LOGNAME', 'root'), ('_', '/usr/bin/colcon'), ('ROS_VERSION', '2'), ('XDG_SESSION_CLASS', 'user'), ('TERM', 'xterm-256color'), ('XDG_SESSION_ID', '2'), ('ROS_LOCALHOST_ONLY', '0'), ('PATH', '/root/.vscode-server/cli/servers/Stable-072586267e68ece9a47aa43f8c108e0dcbf44622/server/bin/remote-cli:/opt/ros/humble/bin:/usr/local/sbin:/usr/local/bin:/usr/sbin:/usr/bin:/sbin:/bin:/usr/games:/usr/local/games:/snap/bin:/root/.vscode-server/extensions/ms-python.debugpy-2025.18.0/bundled/scripts/noConfigScripts'), ('XDG_RUNTIME_DIR', '/run/user/0'), ('SSL_CERT_DIR', '/usr/lib/ssl/certs'), ('VSCODE_DEBUGPY_ADAPTER_ENDPOINTS', '/root/.vscode-server/extensions/ms-python.debugpy-2025.18.0/.noConfigDebugAdapterEndpoints/endpoint-e8455e4bc5ae7857.txt'), ('LANG', 'zh_CN.UTF-8'), ('PYTHONSTARTUP', '/root/.vscode-server/data/User/workspaceStorage/7df28b463ac56098d5ed4f2c8d434cf2/ms-python.python/pythonrc.py'), ('LS_COLORS', 'rs=0:di=01;34:ln=01;36:mh=00:pi=40;33:so=01;35:do=01;35:bd=40;33;01:cd=40;33;01:or=40;31;01:mi=00:su=37;41:sg=30;43:ca=30;41:tw=30;42:ow=34;42:st=37;44:ex=01;32:*.tar=01;31:*.tgz=01;31:*.arc=01;31:*.arj=01;31:*.taz=01;31:*.lha=01;31:*.lz4=01;31:*.lzh=01;31:*.lzma=01;31:*.tlz=01;31:*.txz=01;31:*.tzo=01;31:*.t7z=01;31:*.zip=01;31:*.z=01;31:*.dz=01;31:*.gz=01;31:*.lrz=01;31:*.lz=01;31:*.lzo=01;31:*.xz=01;31:*.zst=01;31:*.tzst=01;31:*.bz2=01;31:*.bz=01;31:*.tbz=01;31:*.tbz2=01;31:*.tz=01;31:*.deb=01;31:*.rpm=01;31:*.jar=01;31:*.war=01;31:*.ear=01;31:*.sar=01;31:*.rar=01;31:*.alz=01;31:*.ace=01;31:*.zoo=01;31:*.cpio=01;31:*.7z=01;31:*.rz=01;31:*.cab=01;31:*.wim=01;31:*.swm=01;31:*.dwm=01;31:*.esd=01;31:*.jpg=01;35:*.jpeg=01;35:*.mjpg=01;35:*.mjpeg=01;35:*.gif=01;35:*.bmp=01;35:*.pbm=01;35:*.pgm=01;35:*.ppm=01;35:*.tga=01;35:*.xbm=01;35:*.xpm=01;35:*.tif=01;35:*.tiff=01;35:*.png=01;35:*.svg=01;35:*.svgz=01;35:*.mng=01;35:*.pcx=01;35:*.mov=01;35:*.mpg=01;35:*.mpeg=01;35:*.m2v=01;35:*.mkv=01;35:*.webm=01;35:*.webp=01;35:*.ogm=01;35:*.mp4=01;35:*.m4v=01;35:*.mp4v=01;35:*.vob=01;35:*.qt=01;35:*.nuv=01;35:*.wmv=01;35:*.asf=01;35:*.rm=01;35:*.rmvb=01;35:*.flc=01;35:*.avi=01;35:*.fli=01;35:*.flv=01;35:*.gl=01;35:*.dl=01;35:*.xcf=01;35:*.xwd=01;35:*.yuv=01;35:*.cgm=01;35:*.emf=01;35:*.ogv=01;35:*.ogx=01;35:*.aac=00;36:*.au=00;36:*.flac=00;36:*.m4a=00;36:*.mid=00;36:*.midi=00;36:*.mka=00;36:*.mp3=00;36:*.mpc=00;36:*.ogg=00;36:*.ra=00;36:*.wav=00;36:*.oga=00;36:*.opus=00;36:*.spx=00;36:*.xspf=00;36:'), ('VSCODE_GIT_IPC_HANDLE', '/run/user/0/vscode-git-0da86a6bbb.sock'), ('TERM_PROGRAM', 'vscode'), ('AMENT_PREFIX_PATH', '/root/GZ_DiNiu/install/steer_closed_loop:/root/GZ_DiNiu/install/motor_control_py:/root/GZ_DiNiu/install/io_control_py:/root/GZ_DiNiu/install/imu_bno08x:/root/GZ_DiNiu/install/encoder_vel:/root/GZ_DiNiu/install/ackermann_odom:/opt/ros/humble'), ('SHELL', '/bin/bash'), ('LESSCLOSE', '/usr/bin/lesspipe %s %s'), ('VSCODE_GIT_ASKPASS_EXTRA_ARGS', ''), ('PWD', '/root/GZ_DiNiu/build/steer_closed_loop'), ('SSH_CONNECTION', '192.168.1.25 42870 192.168.1.20 22'), ('XDG_DATA_DIRS', '/usr/share/gnome:/usr/local/share:/usr/share:/var/lib/snapd/desktop'), ('PYTHONPATH', '/root/GZ_DiNiu/install/motor_control_py/lib/python3.10/site-packages:/root/GZ_DiNiu/install/io_control_py/lib/python3.10/site-packages:/root/GZ_DiNiu/install/imu_bno08x/lib/python3.10/site-packages:/opt/ros/humble/lib/python3.10/site-packages:/opt/ros/humble/local/lib/python3.10/dist-packages'), ('COLCON', '1'), ('CMAKE_PREFIX_PATH', '/root/GZ_DiNiu/install/steer_closed_loop:/root/GZ_DiNiu/install/encoder_vel:/root/GZ_DiNiu/install/ackermann_odom:/root/GZ_DiNiu/install/motor_control_py:/root/GZ_DiNiu/install/io_control_py:/root/GZ_DiNiu/install/imu_bno08x:/opt/ros/humble')]), 'shell': False}
[204.916205] (-) TimerEvent: {}
[204.918213] (steer_closed_loop) StdoutLine: {'line': b'-- Install configuration: ""\n'}
[204.926233] (steer_closed_loop) StdoutLine: {'line': b'-- Installing: /root/GZ_DiNiu/install/steer_closed_loop/lib/steer_closed_loop/steer_closed_loop_node\n'}
[204.965439] (steer_closed_loop) StdoutLine: {'line': b'-- Set runtime path of "/root/GZ_DiNiu/install/steer_closed_loop/lib/steer_closed_loop/steer_closed_loop_node" to ""\n'}
[204.966760] (steer_closed_loop) StdoutLine: {'line': b'-- Up-to-date: /root/GZ_DiNiu/install/steer_closed_loop/share/ament_index/resource_index/package_run_dependencies/steer_closed_loop\n'}
[204.968067] (steer_closed_loop) StdoutLine: {'line': b'-- Installing: /root/GZ_DiNiu/install/steer_closed_loop/share/ament_index/resource_index/parent_prefix_path/steer_closed_loop\n'}
[204.971202] (steer_closed_loop) StdoutLine: {'line': b'-- Up-to-date: /root/GZ_DiNiu/install/steer_closed_loop/share/steer_closed_loop/environment/ament_prefix_path.sh\n'}
[204.972471] (steer_closed_loop) StdoutLine: {'line': b'-- Installing: /root/GZ_DiNiu/install/steer_closed_loop/share/steer_closed_loop/environment/ament_prefix_path.dsv\n'}
[204.974833] (steer_closed_loop) StdoutLine: {'line': b'-- Up-to-date: /root/GZ_DiNiu/install/steer_closed_loop/share/steer_closed_loop/environment/path.sh\n'}
[204.976119] (steer_closed_loop) StdoutLine: {'line': b'-- Installing: /root/GZ_DiNiu/install/steer_closed_loop/share/steer_closed_loop/environment/path.dsv\n'}
[204.978361] (steer_closed_loop) StdoutLine: {'line': b'-- Up-to-date: /root/GZ_DiNiu/install/steer_closed_loop/share/steer_closed_loop/local_setup.bash\n'}
[204.979845] (steer_closed_loop) StdoutLine: {'line': b'-- Up-to-date: /root/GZ_DiNiu/install/steer_closed_loop/share/steer_closed_loop/local_setup.sh\n'}
[204.981075] (steer_closed_loop) StdoutLine: {'line': b'-- Up-to-date: /root/GZ_DiNiu/install/steer_closed_loop/share/steer_closed_loop/local_setup.zsh\n'}
[204.982251] (steer_closed_loop) StdoutLine: {'line': b'-- Installing: /root/GZ_DiNiu/install/steer_closed_loop/share/steer_closed_loop/local_setup.dsv\n'}
[204.984398] (steer_closed_loop) StdoutLine: {'line': b'-- Installing: /root/GZ_DiNiu/install/steer_closed_loop/share/steer_closed_loop/package.dsv\n'}
[204.986650] (steer_closed_loop) StdoutLine: {'line': b'-- Up-to-date: /root/GZ_DiNiu/install/steer_closed_loop/share/ament_index/resource_index/packages/steer_closed_loop\n'}
[204.987895] (steer_closed_loop) StdoutLine: {'line': b'-- Up-to-date: /root/GZ_DiNiu/install/steer_closed_loop/share/steer_closed_loop/cmake/steer_closed_loopConfig.cmake\n'}
[204.989202] (steer_closed_loop) StdoutLine: {'line': b'-- Up-to-date: /root/GZ_DiNiu/install/steer_closed_loop/share/steer_closed_loop/cmake/steer_closed_loopConfig-version.cmake\n'}
[204.990362] (steer_closed_loop) StdoutLine: {'line': b'-- Installing: /root/GZ_DiNiu/install/steer_closed_loop/share/steer_closed_loop/package.xml\n'}
[205.001335] (steer_closed_loop) CommandEnded: {'returncode': 0}
[205.016478] (-) TimerEvent: {}
[205.084855] (steer_closed_loop) JobEnded: {'identifier': 'steer_closed_loop', 'rc': 0}
[205.090184] (-) EventReactorShutdown: {}
